{"type":"FeatureCollection","features":[{"type":"Feature","id":12940,"geometry":{"type":"Polygon","coordinates":[[[-91.8921,23.7318],[-91.9063,23.5654],[-91.919,23.5652],[-91.9317,23.5648],[-91.9443,23.5642],[-91.957,23.5634],[-91.9696,23.5624],[-91.9822,23.5612],[-91.9948,23.5598],[-92.0073,23.5581],[-92.0198,23.5563],[-92.0323,23.5543],[-92.0447,23.552],[-92.0571,23.5496],[-92.0695,23.547],[-92.0818,23.5442],[-92.094,23.5412],[-92.1062,23.5379],[-92.1183,23.5345],[-92.1303,23.5309],[-92.1423,23.5271],[-92.1542,23.5231],[-92.166,23.5189],[-92.1777,23.5146],[-92.1894,23.51],[-92.2009,23.5053],[-92.2124,23.5003],[-92.2238,23.4952],[-92.2351,23.4899],[-92.2462,23.4845],[-92.2573,23.4788],[-92.2682,23.473],[-92.2791,23.467],[-92.2898,23.4608],[-92.3004,23.4544],[-92.3109,23.4479],[-92.3212,23.4412],[-92.3314,23.4344],[-92.3415,23.4273],[-92.3515,23.4202],[-92.3613,23.4128],[-92.3709,23.4053],[-92.3805,23.3977],[-92.3898,23.3899],[-92.3991,23.3819],[-92.4081,23.3738],[-92.4171,23.3656],[-92.4258,23.3572],[-92.4344,23.3487],[-92.4428,23.34],[-92.4511,23.3312],[-92.4592,23.3223],[-92.4671,23.3133],[-92.4749,23.3041],[-92.4824,23.2948],[-92.4898,23.2853],[-92.497,23.2758],[-92.5041,23.2662],[-92.5109,23.2564],[-92.5175,23.2465],[-92.524,23.2365],[-92.5303,23.2264],[-92.5364,23.2163],[-92.5422,23.206],[-92.5479,23.1956],[-92.5534,23.1852],[-92.5587,23.1746],[-92.5638,23.164],[-92.5687,23.1533],[-92.5734,23.1425],[-92.5778,23.1316],[-92.5821,23.1207],[-92.5862,23.1097],[-92.59,23.0986],[-92.5936,23.0875],[-92.5971,23.0763],[-92.6003,23.0651],[-92.6033,23.0538],[-92.606,23.0425],[-92.6086,23.0311],[-92.611,23.0197],[-92.6131,23.0082],[-92.615,22.9968],[-92.6167,22.9853],[-92.6182,22.9737],[-92.6194,22.9622],[-92.6205,22.9506],[-92.6213,22.939],[-92.6219,22.9274],[-92.6223,22.9158],[-92.6224,22.9042],[-92.6224,22.8926],[-92.6221,22.8809],[-92.6216,22.8693],[-92.6208,22.8577],[-92.6199,22.8462],[-92.6187,22.8346],[-92.6174,22.8231],[-92.6158,22.8115],[-92.614,22.8],[-92.6119,22.7886],[-92.6097,22.7771],[-92.6072,22.7658],[-92.6045,22.7544],[-92.6016,22.7431],[-92.5985,22.7319],[-92.5952,22.7206],[-92.5917,22.7095],[-92.588,22.6984],[-92.584,22.6874],[-92.5799,22.6764],[-92.5755,22.6655],[-92.5709,22.6547],[-92.5662,22.6439],[-92.5612,22.6333],[-92.556,22.6227],[-92.5507,22.6122],[-92.5451,22.6018],[-92.5393,22.5914],[-92.5334,22.5812],[-92.5272,22.5711],[-92.5209,22.561],[-92.5144,22.5511],[-92.5077,22.5413],[-92.5008,22.5316],[-92.4937,22.522],[-92.4865,22.5125],[-92.479,22.5031],[-92.4714,22.4939],[-92.4637,22.4847],[-92.4557,22.4757],[-92.4476,22.4669],[-92.4393,22.4581],[-92.4309,22.4495],[-92.4223,22.4411],[-92.4135,22.4327],[-92.4046,22.4246],[-92.3955,22.4165],[-92.3863,22.4086],[-92.3769,22.4009],[-92.3674,22.3933],[-92.3578,22.3858],[-92.348,22.3786],[-92.3381,22.3714],[-92.328,22.3645],[-92.3179,22.3577],[-92.3075,22.351],[-92.2971,22.3446],[-92.2866,22.3383],[-92.2759,22.3321],[-92.2651,22.3262],[-92.2542,22.3204],[-92.2432,22.3148],[-92.2321,22.3094],[-92.2209,22.3041],[-92.2096,22.2991],[-92.1983,22.2942],[-92.1868,22.2895],[-92.1752,22.2849],[-92.1636,22.2806],[-92.1518,22.2765],[-92.1401,22.2725],[-92.1282,22.2687],[-92.1162,22.2652],[-92.1042,22.2618],[-92.0922,22.2586],[-92.08,22.2556],[-92.0678,22.2528],[-92.0556,22.2502],[-92.0433,22.2478],[-92.031,22.2456],[-92.0187,22.2436],[-92.0063,22.2418],[-91.9938,22.2402],[-91.9814,22.2388],[-91.9689,22.2376],[-91.9564,22.2366],[-91.9439,22.2358],[-91.9314,22.2352],[-91.9188,22.2347],[-91.9063,22.2345],[-91.8937,22.2345],[-91.8812,22.2347],[-91.8686,22.2352],[-91.8561,22.2358],[-91.8436,22.2366],[-91.8311,22.2376],[-91.8186,22.2388],[-91.8062,22.2402],[-91.7937,22.2418],[-91.7813,22.2436],[-91.769,22.2456],[-91.7567,22.2478],[-91.7444,22.2502],[-91.7322,22.2528],[-91.72,22.2556],[-91.7078,22.2586],[-91.6958,22.2618],[-91.6838,22.2652],[-91.6718,22.2687],[-91.66,22.2725],[-91.6482,22.2765],[-91.6364,22.2806],[-91.6248,22.2849],[-91.6132,22.2895],[-91.6017,22.2942],[-91.5904,22.2991],[-91.5791,22.3041],[-91.5679,22.3094],[-91.5568,22.3148],[-91.5458,22.3204],[-91.5349,22.3262],[-91.5241,22.3321],[-91.5134,22.3383],[-91.5029,22.3446],[-91.4925,22.351],[-91.4822,22.3577],[-91.472,22.3645],[-91.4619,22.3714],[-91.452,22.3786],[-91.4422,22.3858],[-91.4326,22.3933],[-91.4231,22.4009],[-91.4137,22.4086],[-91.4045,22.4165],[-91.3954,22.4246],[-91.3865,22.4327],[-91.3777,22.4411],[-91.3691,22.4495],[-91.3607,22.4581],[-91.3524,22.4669],[-91.3443,22.4757],[-91.3363,22.4847],[-91.3286,22.4939],[-91.321,22.5031],[-91.3135,22.5125],[-91.3063,22.522],[-91.2992,22.5316],[-91.2923,22.5413],[-91.2856,22.5511],[-91.2791,22.561],[-91.2728,22.5711],[-91.2666,22.5812],[-91.2607,22.5914],[-91.2549,22.6018],[-91.2493,22.6122],[-91.244,22.6227],[-91.2388,22.6333],[-91.2338,22.6439],[-91.2291,22.6547],[-91.2245,22.6655],[-91.2201,22.6764],[-91.216,22.6874],[-91.212,22.6984],[-91.2083,22.7095],[-91.2048,22.7206],[-91.2015,22.7319],[-91.1984,22.7431],[-91.1955,22.7544],[-91.1928,22.7658],[-91.1903,22.7772],[-91.1881,22.7886],[-91.1861,22.8],[-91.1842,22.8115],[-91.1826,22.8231],[-91.1813,22.8346],[-91.1801,22.8462],[-91.1792,22.8577],[-91.1784,22.8693],[-91.1779,22.8809],[-91.1777,22.8926],[-90.997,22.9047],[-90.9972,22.9192],[-90.9976,22.9337],[-90.9983,22.9482],[-90.9993,22.9627],[-91.0006,22.9772],[-91.0022,22.9916],[-91.004,23.0061],[-91.0061,23.0205],[-91.0085,23.0348],[-91.0111,23.0491],[-91.014,23.0634],[-91.0172,23.0776],[-91.0207,23.0918],[-91.0244,23.1059],[-91.0284,23.1199],[-91.0327,23.1339],[-91.0372,23.1478],[-91.042,23.1616],[-91.047,23.1754],[-91.0524,23.1891],[-91.0579,23.2027],[-91.0638,23.2161],[-91.0699,23.2295],[-91.0762,23.2428],[-91.0828,23.256],[-91.0896,23.2691],[-91.0967,23.2821],[-91.1041,23.2949],[-91.1117,23.3077],[-91.1195,23.3203],[-91.1276,23.3328],[-91.1359,23.3451],[-91.1444,23.3573],[-91.1532,23.3694],[-91.1622,23.3813],[-91.1714,23.3931],[-91.1809,23.4048],[-91.1906,23.4163],[-91.2005,23.4276],[-91.2106,23.4387],[-91.2209,23.4498],[-91.2314,23.4606],[-91.2422,23.4712],[-91.2531,23.4817],[-91.2643,23.492],[-91.2756,23.5022],[-91.2871,23.5121],[-91.2989,23.5219],[-91.3108,23.5315],[-91.3229,23.5408],[-91.3351,23.55],[-91.3476,23.559],[-91.3602,23.5678],[-91.373,23.5763],[-91.3859,23.5847],[-91.399,23.5929],[-91.4123,23.6008],[-91.4257,23.6086],[-91.4392,23.6161],[-91.4529,23.6234],[-91.4668,23.6304],[-91.4807,23.6373],[-91.4948,23.6439],[-91.5091,23.6503],[-91.5234,23.6565],[-91.5379,23.6624],[-91.5524,23.6681],[-91.5671,23.6736],[-91.5819,23.6788],[-91.5968,23.6838],[-91.6118,23.6886],[-91.6268,23.6931],[-91.642,23.6974],[-91.6572,23.7014],[-91.6725,23.7052],[-91.6879,23.7087],[-91.7034,23.712],[-91.7189,23.715],[-91.7344,23.7178],[-91.75,23.7204],[-91.7657,23.7227],[-91.7814,23.7247],[-91.7971,23.7265],[-91.8129,23.728],[-91.8287,23.7293],[-91.8445,23.7303],[-91.8604,23.731],[-91.8762,23.7316],[-91.8921,23.7318]]]},"properties":{"objectid":12940,"radii":34,"stormid":"al092026","basin":"al","stormnum":9,"advnum":"6","validtime":"2026100803","synoptime":"2026100800","timezone":"UTC","tau":0,"ne":50,"se":40,"sw":40,"nw":40,"idp_source":"al092026_2026100803_forecastradii","idp_filedate":1791430091000,"idp_ingestdate":1791430210000,"st_area(shape)":1.7231247548874942,"st_perimeter(shape)":4.9565819269864333,"binnumber":"AT4"}},{"type":"Feature","id":12941,"geometry":{"type":"Polygon","coordinates":[[[-91.8968,23.2327],[-91.9,22.9],[-92.0806,22.8984],[-92.0805,22.8955],[-92.0804,22.8926],[-92.0803,22.8897],[-92.08,22.8868],[-92.0798,22.884],[-92.0794,22.8811],[-92.079,22.8782],[-92.0786,22.8753],[-92.0781,22.8724],[-92.0775,22.8696],[-92.0769,22.8667],[-92.0763,22.8639],[-92.0756,22.8611],[-92.0748,22.8582],[-92.074,22.8554],[-92.0731,22.8527],[-92.0722,22.8499],[-92.0712,22.8471],[-92.0702,22.8444],[-92.0691,22.8416],[-92.068,22.8389],[-92.0668,22.8362],[-92.0655,22.8336],[-92.0643,22.8309],[-92.0629,22.8283],[-92.0615,22.8257],[-92.0601,22.8231],[-92.0586,22.8205],[-92.0571,22.818],[-92.0555,22.8155],[-92.0539,22.813],[-92.0522,22.8105],[-92.0505,22.8081],[-92.0487,22.8057],[-92.0469,22.8033],[-92.0451,22.801],[-92.0432,22.7987],[-92.0412,22.7964],[-92.0393,22.7941],[-92.0372,22.7919],[-92.0352,22.7897],[-92.0331,22.7875],[-92.0309,22.7854],[-92.0287,22.7833],[-92.0265,22.7813],[-92.0242,22.7793],[-92.0219,22.7773],[-92.0196,22.7754],[-92.0172,22.7734],[-92.0148,22.7716],[-92.0123,22.7698],[-92.0098,22.768],[-92.0073,22.7662],[-92.0048,22.7645],[-92.0022,22.7629],[-91.9996,22.7612],[-91.9969,22.7597],[-91.9943,22.7581],[-91.9916,22.7566],[-91.9888,22.7552],[-91.9861,22.7538],[-91.9833,22.7524],[-91.9805,22.7511],[-91.9777,22.7498],[-91.9748,22.7486],[-91.9719,22.7474],[-91.969,22.7463],[-91.9661,22.7452],[-91.9632,22.7442],[-91.9602,22.7432],[-91.9572,22.7422],[-91.9542,22.7413],[-91.9512,22.7405],[-91.9482,22.7397],[-91.9452,22.7389],[-91.9421,22.7382],[-91.939,22.7376],[-91.936,22.737],[-91.9329,22.7364],[-91.9298,22.7359],[-91.9267,22.7355],[-91.9235,22.7351],[-91.9204,22.7347],[-91.9173,22.7344],[-91.9142,22.7341],[-91.911,22.7339],[-91.9079,22.7338],[-91.9047,22.7337],[-91.9016,22.7336],[-91.8969,22.5673],[-91.8906,22.5674],[-91.8843,22.5676],[-91.878,22.5679],[-91.8717,22.5683],[-91.8655,22.5688],[-91.8592,22.5694],[-91.853,22.5701],[-91.8467,22.5709],[-91.8405,22.5718],[-91.8343,22.5728],[-91.8282,22.5739],[-91.822,22.5751],[-91.8159,22.5764],[-91.8098,22.5778],[-91.8037,22.5793],[-91.7977,22.5809],[-91.7916,22.5826],[-91.7857,22.5844],[-91.7797,22.5863],[-91.7738,22.5883],[-91.7679,22.5904],[-91.7621,22.5925],[-91.7563,22.5948],[-91.7505,22.5972],[-91.7448,22.5996],[-91.7392,22.6021],[-91.7336,22.6048],[-91.728,22.6075],[-91.7225,22.6103],[-91.7171,22.6132],[-91.7117,22.6162],[-91.7063,22.6193],[-91.701,22.6224],[-91.6958,22.6257],[-91.6907,22.629],[-91.6856,22.6324],[-91.6805,22.6359],[-91.6756,22.6394],[-91.6707,22.6431],[-91.6658,22.6468],[-91.6611,22.6506],[-91.6564,22.6545],[-91.6518,22.6584],[-91.6473,22.6625],[-91.6428,22.6666],[-91.6384,22.6707],[-91.6341,22.675],[-91.6299,22.6793],[-91.6258,22.6837],[-91.6217,22.6881],[-91.6178,22.6926],[-91.6139,22.6972],[-91.6101,22.7018],[-91.6064,22.7065],[-91.6027,22.7113],[-91.5992,22.7161],[-91.5958,22.7209],[-91.5924,22.7259],[-91.5892,22.7308],[-91.586,22.7358],[-91.5829,22.7409],[-91.58,22.746],[-91.5771,22.7512],[-91.5743,22.7564],[-91.5717,22.7617],[-91.5691,22.767],[-91.5666,22.7723],[-91.5642,22.7777],[-91.562,22.7831],[-91.5598,22.7886],[-91.5577,22.7941],[-91.5558,22.7996],[-91.5539,22.8051],[-91.5522,22.8107],[-91.5505,22.8163],[-91.549,22.8219],[-91.5475,22.8276],[-91.5462,22.8333],[-91.545,22.839],[-91.5439,22.8447],[-91.5429,22.8504],[-91.542,22.8562],[-91.5412,22.8619],[-91.5405,22.8677],[-91.54,22.8735],[-91.5395,22.8793],[-91.5392,22.8851],[-91.5389,22.8909],[-91.5388,22.8967],[-91.5388,22.9025],[-91.5389,22.9083],[-91.5391,22.9141],[-91.5394,22.9199],[-91.5398,22.9257],[-91.5404,22.9315],[-91.541,22.9373],[-91.5418,22.943],[-91.5426,22.9488],[-91.5436,22.9545],[-91.5447,22.9602],[-91.5459,22.9659],[-91.5472,22.9716],[-91.5486,22.9773],[-91.5501,22.9829],[-91.5517,22.9885],[-91.5534,22.9941],[-91.5553,22.9997],[-91.5572,23.0052],[-91.5592,23.0107],[-91.5614,23.0162],[-91.5636,23.0216],[-91.566,23.027],[-91.5684,23.0323],[-91.571,23.0376],[-91.5736,23.0429],[-91.5764,23.0481],[-91.5792,23.0533],[-91.5822,23.0585],[-91.5853,23.0635],[-91.5884,23.0686],[-91.5916,23.0736],[-91.595,23.0785],[-91.5984,23.0834],[-91.6019,23.0882],[-91.6055,23.093],[-91.6092,23.0977],[-91.613,23.1023],[-91.6169,23.1069],[-91.6208,23.1114],[-91.6249,23.1159],[-91.629,23.1202],[-91.6332,23.1246],[-91.6375,23.1288],[-91.6419,23.133],[-91.6464,23.1371],[-91.6509,23.1412],[-91.6555,23.1451],[-91.6602,23.149],[-91.665,23.1528],[-91.6698,23.1566],[-91.6747,23.1602],[-91.6797,23.1638],[-91.6847,23.1673],[-91.6898,23.1707],[-91.695,23.1741],[-91.7002,23.1773],[-91.7055,23.1805],[-91.7109,23.1836],[-91.7163,23.1866],[-91.7218,23.1895],[-91.7273,23.1923],[-91.7329,23.1951],[-91.7385,23.1977],[-91.7441,23.2002],[-91.7499,23.2027],[-91.7556,23.2051],[-91.7615,23.2073],[-91.7673,23.2095],[-91.7732,23.2116],[-91.7792,23.2136],[-91.7851,23.2155],[-91.7911,23.2173],[-91.7972,23.219],[-91.8032,23.2206],[-91.8093,23.2221],[-91.8155,23.2235],[-91.8216,23.2248],[-91.8278,23.226],[-91.834,23.2272],[-91.8402,23.2282],[-91.8465,23.2291],[-91.8527,23.2299],[-91.859,23.2306],[-91.8653,23.2312],[-91.8716,23.2317],[-91.8779,23.2321],[-91.8842,23.2324],[-91.8905,23.2326],[-91.8968,23.2327]]]},"properties":{"objectid":12941,"radii":50,"stormid":"al092026","basin":"al","stormnum":9,"advnum":"6","validtime":"2026100803","synoptime":"2026100800","timezone":"UTC","tau":0,"ne":20,"se":20,"sw":10,"nw":0,"idp_source":"al092026_2026100803_forecastradii","idp_filedate":1791430091000,"idp_ingestdate":1791430210000,"st_area(shape)":0.21157424276771733,"st_perimeter(shape)":2.0334189244199861,"binnumber":"AT4"}},{"type":"Feature","id":12942,"geometry":{"type":"Polygon","coordinates":[[[-90.6888,24.5645],[-90.7096,24.3982],[-90.7287,24.3979],[-90.7478,24.3973],[-90.7669,24.3963],[-90.786,24.3951],[-90.8051,24.3936],[-90.8241,24.3918],[-90.8431,24.3896],[-90.862,24.3872],[-90.8809,24.3844],[-90.8997,24.3814],[-90.9185,24.378],[-90.9372,24.3744],[-90.9558,24.3704],[-90.9744,24.3662],[-90.9928,24.3616],[-91.0112,24.3568],[-91.0295,24.3517],[-91.0476,24.3462],[-91.0657,24.3405],[-91.0837,24.3345],[-91.1015,24.3282],[-91.1192,24.3217],[-91.1368,24.3148],[-91.1542,24.3077],[-91.1715,24.3003],[-91.1887,24.2926],[-91.2057,24.2846],[-91.2225,24.2764],[-91.2392,24.2679],[-91.2557,24.2591],[-91.272,24.2501],[-91.2882,24.2408],[-91.3042,24.2312],[-91.32,24.2214],[-91.3356,24.2114],[-91.351,24.2011],[-91.3662,24.1905],[-91.3811,24.1797],[-91.3959,24.1687],[-91.4105,24.1574],[-91.4248,24.1459],[-91.439,24.1342],[-91.4529,24.1223],[-91.4665,24.1101],[-91.4799,24.0977],[-91.4931,24.0851],[-91.5061,24.0723],[-91.5187,24.0593],[-91.5312,24.0461],[-91.5433,24.0327],[-91.5553,24.0191],[-91.5669,24.0053],[-91.5783,23.9913],[-91.5894,23.9771],[-91.6002,23.9628],[-91.6108,23.9483],[-91.6211,23.9336],[-91.6311,23.9188],[-91.6408,23.9038],[-91.6502,23.8887],[-91.6593,23.8734],[-91.6682,23.8579],[-91.6767,23.8424],[-91.6849,23.8266],[-91.6928,23.8108],[-91.7005,23.7948],[-91.7078,23.7788],[-91.7148,23.7626],[-91.7215,23.7463],[-91.7279,23.7298],[-91.7339,23.7133],[-91.7397,23.6967],[-91.7451,23.68],[-91.7502,23.6632],[-91.755,23.6464],[-91.7595,23.6294],[-91.7636,23.6124],[-91.7674,23.5954],[-91.7709,23.5783],[-91.7741,23.5611],[-91.7769,23.5438],[-91.7794,23.5266],[-91.7816,23.5093],[-91.7834,23.4919],[-91.7849,23.4746],[-91.7861,23.4572],[-91.787,23.4398],[-91.7875,23.4224],[-91.7877,23.4049],[-91.6063,23.3901],[-91.6059,23.3756],[-91.6053,23.3611],[-91.6043,23.3466],[-91.6031,23.3321],[-91.6017,23.3177],[-91.5999,23.3033],[-91.5979,23.2889],[-91.5956,23.2745],[-91.593,23.2602],[-91.5902,23.2459],[-91.5871,23.2317],[-91.5837,23.2175],[-91.58,23.2033],[-91.5761,23.1893],[-91.572,23.1753],[-91.5675,23.1614],[-91.5628,23.1475],[-91.5578,23.1337],[-91.5526,23.12],[-91.5471,23.1064],[-91.5414,23.0929],[-91.5354,23.0795],[-91.5291,23.0661],[-91.5226,23.0529],[-91.5159,23.0398],[-91.5089,23.0268],[-91.5017,23.0139],[-91.4942,23.0011],[-91.4865,22.9884],[-91.4785,22.9759],[-91.4703,22.9635],[-91.4619,22.9512],[-91.4532,22.9391],[-91.4443,22.9271],[-91.4352,22.9152],[-91.4259,22.9035],[-91.4164,22.892],[-91.4066,22.8806],[-91.3966,22.8693],[-91.3864,22.8583],[-91.376,22.8474],[-91.3655,22.8366],[-91.3547,22.826],[-91.3437,22.8156],[-91.3325,22.8054],[-91.3211,22.7954],[-91.3095,22.7855],[-91.2978,22.7759],[-91.2859,22.7664],[-91.2738,22.7571],[-91.2615,22.748],[-91.2491,22.7391],[-91.2365,22.7304],[-91.2237,22.7219],[-91.2108,22.7136],[-91.1977,22.7056],[-91.1845,22.6977],[-91.1711,22.69],[-91.1576,22.6826],[-91.1439,22.6754],[-91.1301,22.6684],[-91.1162,22.6616],[-91.1022,22.655],[-91.088,22.6487],[-91.0738,22.6426],[-91.0594,22.6367],[-91.0449,22.6311],[-91.0303,22.6257],[-91.0156,22.6205],[-91.0008,22.6156],[-90.9859,22.6109],[-90.9709,22.6064],[-90.9559,22.6022],[-90.9408,22.5982],[-90.9256,22.5945],[-90.9103,22.591],[-90.895,22.5878],[-90.8796,22.5848],[-90.8642,22.582],[-90.8487,22.5795],[-90.8332,22.5772],[-90.8176,22.5752],[-90.802,22.5735],[-90.7863,22.572],[-90.7707,22.5707],[-90.755,22.5697],[-90.7393,22.5689],[-90.7236,22.5684],[-90.7079,22.5682],[-90.6906,22.4018],[-90.6717,22.4021],[-90.6529,22.4027],[-90.6341,22.4036],[-90.6153,22.4048],[-90.5965,22.4063],[-90.5778,22.4082],[-90.5591,22.4103],[-90.5404,22.4127],[-90.5218,22.4154],[-90.5032,22.4184],[-90.4847,22.4217],[-90.4663,22.4253],[-90.4479,22.4292],[-90.4296,22.4334],[-90.4114,22.4378],[-90.3933,22.4426],[-90.3752,22.4477],[-90.3573,22.453],[-90.3395,22.4586],[-90.3217,22.4646],[-90.3041,22.4707],[-90.2866,22.4772],[-90.2692,22.484],[-90.252,22.491],[-90.2349,22.4983],[-90.2179,22.5059],[-90.2011,22.5138],[-90.1844,22.5219],[-90.1679,22.5303],[-90.1515,22.539],[-90.1353,22.5479],[-90.1192,22.557],[-90.1034,22.5665],[-90.0877,22.5762],[-90.0722,22.5861],[-90.0569,22.5963],[-90.0418,22.6067],[-90.0268,22.6174],[-90.0121,22.6283],[-89.9976,22.6394],[-89.9833,22.6508],[-89.9692,22.6623],[-89.9553,22.6742],[-89.9417,22.6862],[-89.9283,22.6985],[-89.9151,22.7109],[-89.9021,22.7236],[-89.8894,22.7365],[-89.8769,22.7496],[-89.8647,22.7628],[-89.8527,22.7763],[-89.841,22.79],[-89.8296,22.8038],[-89.8184,22.8179],[-89.8074,22.8321],[-89.7967,22.8465],[-89.7864,22.861],[-89.7762,22.8757],[-89.7664,22.8906],[-89.7568,22.9056],[-89.7476,22.9208],[-89.7386,22.9361],[-89.7299,22.9516],[-89.7215,22.9672],[-89.7133,22.983],[-89.7055,22.9988],[-89.698,23.0148],[-89.6908,23.0309],[-89.6839,23.0471],[-89.6773,23.0635],[-89.671,23.0799],[-89.665,23.0964],[-89.6594,23.1131],[-89.654,23.1298],[-89.649,23.1466],[-89.6442,23.1634],[-89.6399,23.1804],[-89.6358,23.1974],[-89.632,23.2145],[-89.6286,23.2316],[-89.6255,23.2488],[-89.6227,23.266],[-89.6203,23.2833],[-89.6181,23.3006],[-89.6163,23.3179],[-89.6149,23.3353],[-89.6137,23.3527],[-89.6129,23.3701],[-89.6125,23.3875],[-89.431,23.405],[-89.4312,23.4254],[-89.4318,23.4457],[-89.4328,23.466],[-89.4341,23.4863],[-89.4359,23.5065],[-89.438,23.5268],[-89.4405,23.547],[-89.4434,23.5671],[-89.4467,23.5872],[-89.4503,23.6073],[-89.4544,23.6272],[-89.4588,23.6472],[-89.4636,23.667],[-89.4688,23.6868],[-89.4743,23.7064],[-89.4803,23.726],[-89.4866,23.7455],[-89.4933,23.7649],[-89.5003,23.7842],[-89.5078,23.8033],[-89.5155,23.8223],[-89.5237,23.8413],[-89.5322,23.86],[-89.5411,23.8787],[-89.5503,23.8971],[-89.5599,23.9155],[-89.5698,23.9337],[-89.5801,23.9517],[-89.5907,23.9695],[-89.6017,23.9872],[-89.613,24.0047],[-89.6247,24.022],[-89.6367,24.0392],[-89.649,24.0561],[-89.6616,24.0728],[-89.6745,24.0894],[-89.6878,24.1057],[-89.7014,24.1218],[-89.7153,24.1377],[-89.7295,24.1533],[-89.744,24.1688],[-89.7588,24.184],[-89.7739,24.1989],[-89.7893,24.2136],[-89.8049,24.2281],[-89.8209,24.2423],[-89.8371,24.2562],[-89.8535,24.2699],[-89.8703,24.2834],[-89.8873,24.2965],[-89.9045,24.3094],[-89.922,24.322],[-89.9398,24.3343],[-89.9577,24.3463],[-89.976,24.3581],[-89.9944,24.3695],[-90.013,24.3807],[-90.0319,24.3915],[-90.051,24.4021],[-90.0703,24.4123],[-90.0897,24.4223],[-90.1094,24.4319],[-90.1292,24.4412],[-90.1493,24.4502],[-90.1695,24.4588],[-90.1898,24.4672],[-90.2104,24.4752],[-90.231,24.4828],[-90.2519,24.4902],[-90.2728,24.4972],[-90.2939,24.5039],[-90.3151,24.5102],[-90.3365,24.5162],[-90.3579,24.5219],[-90.3795,24.5272],[-90.4012,24.5321],[-90.4229,24.5367],[-90.4448,24.541],[-90.4667,24.5449],[-90.4887,24.5485],[-90.5108,24.5517],[-90.5329,24.5545],[-90.5551,24.557],[-90.5773,24.5592],[-90.5995,24.561],[-90.6218,24.5624],[-90.6441,24.5635],[-90.6665,24.5642],[-90.6888,24.5645]]]},"properties":{"objectid":12942,"radii":34,"stormid":"al092026","basin":"al","stormnum":9,"advnum":"6","validtime":"2026100812","synoptime":"2026100800","timezone":"UTC","tau":12,"ne":70,"se":60,"sw":50,"nw":60,"idp_source":"al092026_2026100803_forecastradii","idp_filedate":1791430091000,"idp_ingestdate":1791430210000,"st_area(shape)":3.4604193866086326,"st_perimeter(shape)":7.1857088779809271,"binnumber":"AT4"}},{"type":"Feature","id":12943,"geometry":{"type":"Polygon","coordinates":[[[-90.6952,23.8991],[-90.7032,23.7327],[-90.7095,23.7326],[-90.7159,23.7324],[-90.7222,23.7321],[-90.7285,23.7317],[-90.7348,23.7312],[-90.7411,23.7306],[-90.7474,23.7299],[-90.7537,23.7291],[-90.76,23.7282],[-90.7662,23.7272],[-90.7725,23.726],[-90.7787,23.7248],[-90.7848,23.7235],[-90.791,23.7221],[-90.7971,23.7206],[-90.8032,23.719],[-90.8093,23.7173],[-90.8153,23.7155],[-90.8213,23.7136],[-90.8273,23.7116],[-90.8332,23.7095],[-90.8391,23.7073],[-90.8449,23.7051],[-90.8507,23.7027],[-90.8564,23.7002],[-90.8621,23.6977],[-90.8678,23.6951],[-90.8734,23.6923],[-90.8789,23.6895],[-90.8844,23.6866],[-90.8898,23.6836],[-90.8952,23.6805],[-90.9005,23.6773],[-90.9058,23.6741],[-90.911,23.6707],[-90.9161,23.6673],[-90.9212,23.6638],[-90.9261,23.6602],[-90.9311,23.6566],[-90.9359,23.6528],[-90.9407,23.649],[-90.9454,23.6451],[-90.95,23.6412],[-90.9546,23.6371],[-90.9591,23.633],[-90.9634,23.6288],[-90.9678,23.6246],[-90.972,23.6202],[-90.9761,23.6159],[-90.9802,23.6114],[-90.9842,23.6069],[-90.9881,23.6023],[-90.9919,23.5976],[-90.9956,23.5929],[-90.9992,23.5882],[-91.0028,23.5834],[-91.0062,23.5785],[-91.0095,23.5735],[-91.0128,23.5686],[-91.0159,23.5635],[-91.019,23.5584],[-91.022,23.5533],[-91.0248,23.5481],[-91.0276,23.5429],[-91.0303,23.5376],[-91.0328,23.5323],[-91.0353,23.527],[-91.0376,23.5216],[-91.0399,23.5162],[-91.042,23.5107],[-91.0441,23.5052],[-91.046,23.4997],[-91.0479,23.4941],[-91.0496,23.4885],[-91.0512,23.4829],[-91.0527,23.4773],[-91.0542,23.4716],[-91.0555,23.4659],[-91.0566,23.4602],[-91.0577,23.4545],[-91.0587,23.4488],[-91.0596,23.443],[-91.0603,23.4373],[-91.061,23.4315],[-91.0615,23.4257],[-91.0619,23.4199],[-91.0623,23.4141],[-91.0625,23.4083],[-91.0626,23.4025],[-91.0625,23.3967],[-91.0624,23.3909],[-91.0622,23.3851],[-91.0618,23.3793],[-91.0614,23.3735],[-91.0608,23.3677],[-91.0601,23.3619],[-91.0593,23.3562],[-91.0584,23.3504],[-91.0574,23.3447],[-91.0563,23.339],[-91.0551,23.3333],[-91.0538,23.3276],[-91.0523,23.3219],[-91.0508,23.3163],[-91.0491,23.3107],[-91.0474,23.3051],[-91.0455,23.2996],[-91.0435,23.294],[-91.0415,23.2886],[-91.0393,23.2831],[-91.037,23.2777],[-91.0346,23.2723],[-91.0322,23.267],[-91.0296,23.2617],[-91.0269,23.2564],[-91.0241,23.2512],[-91.0212,23.246],[-91.0182,23.2409],[-91.0152,23.2358],[-91.012,23.2308],[-91.0087,23.2258],[-91.0054,23.2209],[-91.0019,23.2161],[-90.9984,23.2113],[-90.9947,23.2065],[-90.991,23.2018],[-90.9872,23.1972],[-90.9833,23.1926],[-90.9793,23.1881],[-90.9752,23.1837],[-90.9711,23.1793],[-90.9669,23.175],[-90.9625,23.1707],[-90.9581,23.1666],[-90.9537,23.1625],[-90.9491,23.1584],[-90.9445,23.1545],[-90.9398,23.1506],[-90.935,23.1468],[-90.9302,23.1431],[-90.9253,23.1394],[-90.9203,23.1359],[-90.9152,23.1324],[-90.9101,23.129],[-90.9049,23.1256],[-90.8997,23.1224],[-90.8944,23.1192],[-90.889,23.1162],[-90.8836,23.1132],[-90.8781,23.1103],[-90.8726,23.1075],[-90.867,23.1048],[-90.8614,23.1021],[-90.8557,23.0996],[-90.85,23.0971],[-90.8442,23.0948],[-90.8384,23.0925],[-90.8326,23.0904],[-90.8267,23.0883],[-90.8207,23.0863],[-90.8148,23.0844],[-90.8088,23.0826],[-90.8027,23.0809],[-90.7967,23.0793],[-90.7906,23.0778],[-90.7844,23.0764],[-90.7783,23.0751],[-90.7721,23.0739],[-90.7659,23.0728],[-90.7597,23.0718],[-90.7535,23.0709],[-90.7472,23.0701],[-90.7409,23.0694],[-90.7347,23.0688],[-90.7284,23.0683],[-90.7221,23.0679],[-90.7158,23.0676],[-90.7095,23.0674],[-90.7032,23.0673],[-90.6953,22.9009],[-90.6858,22.9011],[-90.6764,22.9014],[-90.6669,22.9018],[-90.6575,22.9024],[-90.6481,22.9032],[-90.6387,22.9041],[-90.6293,22.9051],[-90.6199,22.9064],[-90.6106,22.9077],[-90.6013,22.9092],[-90.592,22.9109],[-90.5827,22.9127],[-90.5735,22.9146],[-90.5643,22.9167],[-90.5552,22.919],[-90.5461,22.9214],[-90.537,22.9239],[-90.5281,22.9266],[-90.5191,22.9294],[-90.5102,22.9324],[-90.5014,22.9355],[-90.4926,22.9387],[-90.4839,22.9421],[-90.4752,22.9457],[-90.4667,22.9493],[-90.4582,22.9531],[-90.4497,22.9571],[-90.4414,22.9612],[-90.4331,22.9654],[-90.4249,22.9697],[-90.4167,22.9742],[-90.4087,22.9788],[-90.4008,22.9835],[-90.3929,22.9884],[-90.3852,22.9934],[-90.3775,22.9985],[-90.3699,23.0037],[-90.3624,23.009],[-90.3551,23.0145],[-90.3478,23.0201],[-90.3407,23.0258],[-90.3336,23.0316],[-90.3267,23.0375],[-90.3198,23.0436],[-90.3131,23.0497],[-90.3065,23.0559],[-90.3001,23.0623],[-90.2937,23.0688],[-90.2875,23.0753],[-90.2814,23.082],[-90.2754,23.0887],[-90.2695,23.0956],[-90.2638,23.1025],[-90.2582,23.1095],[-90.2528,23.1167],[-90.2474,23.1239],[-90.2423,23.1312],[-90.2372,23.1385],[-90.2323,23.146],[-90.2275,23.1535],[-90.2229,23.1611],[-90.2185,23.1688],[-90.2141,23.1765],[-90.2099,23.1844],[-90.2059,23.1922],[-90.202,23.2002],[-90.1983,23.2082],[-90.1947,23.2163],[-90.1913,23.2244],[-90.188,23.2326],[-90.1849,23.2408],[-90.1819,23.2491],[-90.1791,23.2574],[-90.1765,23.2657],[-90.174,23.2742],[-90.1717,23.2826],[-90.1695,23.2911],[-90.1675,23.2996],[-90.1656,23.3081],[-90.164,23.3167],[-90.1624,23.3253],[-90.1611,23.3339],[-90.1599,23.3426],[-90.1589,23.3512],[-90.158,23.3599],[-90.1573,23.3686],[-90.1568,23.3773],[-90.1564,23.386],[-90.1562,23.3947],[-90.1562,23.4034],[-90.1563,23.4121],[-90.1566,23.4208],[-90.1571,23.4295],[-90.1577,23.4382],[-90.1585,23.4469],[-90.1594,23.4556],[-90.1606,23.4642],[-90.1618,23.4729],[-90.1633,23.4815],[-90.1649,23.49],[-90.1667,23.4986],[-90.1686,23.5071],[-90.1707,23.5156],[-90.173,23.5241],[-90.1754,23.5325],[-90.178,23.5409],[-90.1807,23.5492],[-90.1836,23.5575],[-90.1867,23.5658],[-90.1899,23.574],[-90.1933,23.5821],[-90.1968,23.5902],[-90.2005,23.5982],[-90.2044,23.6062],[-90.2083,23.6141],[-90.2125,23.6219],[-90.2168,23.6297],[-90.2212,23.6374],[-90.2258,23.6451],[-90.2305,23.6526],[-90.2354,23.6601],[-90.2404,23.6675],[-90.2456,23.6748],[-90.2509,23.6821],[-90.2563,23.6892],[-90.2618,23.6963],[-90.2676,23.7032],[-90.2734,23.7101],[-90.2794,23.7169],[-90.2854,23.7236],[-90.2917,23.7302],[-90.298,23.7367],[-90.3045,23.7431],[-90.3111,23.7493],[-90.3178,23.7555],[-90.3246,23.7616],[-90.3316,23.7675],[-90.3386,23.7734],[-90.3458,23.7791],[-90.3531,23.7847],[-90.3605,23.7902],[-90.3679,23.7956],[-90.3755,23.8009],[-90.3832,23.806],[-90.391,23.811],[-90.3989,23.8159],[-90.4069,23.8207],[-90.4149,23.8253],[-90.4231,23.8298],[-90.4313,23.8342],[-90.4396,23.8384],[-90.448,23.8425],[-90.4565,23.8465],[-90.4651,23.8503],[-90.4737,23.854],[-90.4824,23.8576],[-90.4911,23.861],[-90.5,23.8643],[-90.5089,23.8674],[-90.5178,23.8704],[-90.5268,23.8732],[-90.5359,23.8759],[-90.545,23.8785],[-90.5541,23.8809],[-90.5633,23.8832],[-90.5726,23.8853],[-90.5819,23.8872],[-90.5912,23.889],[-90.6005,23.8907],[-90.6099,23.8922],[-90.6193,23.8936],[-90.6287,23.8948],[-90.6382,23.8959],[-90.6477,23.8968],[-90.6572,23.8976],[-90.6667,23.8982],[-90.6762,23.8986],[-90.6857,23.8989],[-90.6952,23.8991]]]},"properties":{"objectid":12943,"radii":50,"stormid":"al092026","basin":"al","stormnum":9,"advnum":"6","validtime":"2026100812","synoptime":"2026100800","timezone":"UTC","tau":12,"ne":30,"se":30,"sw":20,"nw":20,"idp_source":"al092026_2026100803_forecastradii","idp_filedate":1791430091000,"idp_ingestdate":1791430210000,"st_area(shape)":0.61556860612633724,"st_perimeter(shape)":3.0489205856627732,"binnumber":"AT4"}},{"type":"Feature","id":12944,"geometry":{"type":"Polygon","coordinates":[[[-90.6984,23.5664],[-90.7,23.4],[-90.6984,23.2336],[-90.6953,23.2337],[-90.6921,23.2338],[-90.6889,23.2339],[-90.6858,23.2341],[-90.6826,23.2344],[-90.6795,23.2347],[-90.6764,23.2351],[-90.6732,23.2355],[-90.6701,23.2359],[-90.667,23.2364],[-90.6639,23.237],[-90.6608,23.2376],[-90.6577,23.2382],[-90.6547,23.2389],[-90.6516,23.2397],[-90.6486,23.2405],[-90.6456,23.2413],[-90.6425,23.2422],[-90.6396,23.2432],[-90.6366,23.2442],[-90.6336,23.2452],[-90.6307,23.2463],[-90.6278,23.2474],[-90.6249,23.2486],[-90.622,23.2498],[-90.6192,23.2511],[-90.6164,23.2524],[-90.6136,23.2538],[-90.6108,23.2552],[-90.6081,23.2566],[-90.6054,23.2581],[-90.6027,23.2597],[-90.6,23.2612],[-90.5974,23.2629],[-90.5948,23.2645],[-90.5923,23.2662],[-90.5898,23.268],[-90.5873,23.2698],[-90.5848,23.2716],[-90.5824,23.2734],[-90.58,23.2754],[-90.5776,23.2773],[-90.5753,23.2793],[-90.5731,23.2813],[-90.5708,23.2833],[-90.5686,23.2854],[-90.5665,23.2875],[-90.5643,23.2897],[-90.5623,23.2919],[-90.5602,23.2941],[-90.5582,23.2964],[-90.5563,23.2987],[-90.5544,23.301],[-90.5525,23.3033],[-90.5507,23.3057],[-90.5489,23.3081],[-90.5472,23.3105],[-90.5455,23.313],[-90.5439,23.3155],[-90.5423,23.318],[-90.5408,23.3205],[-90.5393,23.3231],[-90.5379,23.3257],[-90.5365,23.3283],[-90.5351,23.3309],[-90.5338,23.3336],[-90.5326,23.3362],[-90.5314,23.3389],[-90.5303,23.3416],[-90.5292,23.3444],[-90.5282,23.3471],[-90.5272,23.3499],[-90.5262,23.3527],[-90.5254,23.3554],[-90.5246,23.3582],[-90.5238,23.3611],[-90.5231,23.3639],[-90.5224,23.3667],[-90.5218,23.3696],[-90.5212,23.3724],[-90.5207,23.3753],[-90.5203,23.3782],[-90.5199,23.3811],[-90.5196,23.384],[-90.5193,23.3868],[-90.5191,23.3897],[-90.5189,23.3926],[-90.5188,23.3955],[-90.5187,23.3984],[-90.5187,23.4013],[-90.5188,23.4043],[-90.5189,23.4072],[-90.5191,23.4101],[-90.5193,23.413],[-90.5195,23.4158],[-90.5199,23.4187],[-90.5202,23.4216],[-90.5207,23.4245],[-90.5212,23.4274],[-90.5217,23.4302],[-90.5223,23.4331],[-90.523,23.4359],[-90.5237,23.4387],[-90.5244,23.4416],[-90.5253,23.4444],[-90.5261,23.4472],[-90.527,23.4499],[-90.528,23.4527],[-90.529,23.4554],[-90.5301,23.4582],[-90.5313,23.4609],[-90.5324,23.4636],[-90.5337,23.4663],[-90.535,23.4689],[-90.5363,23.4715],[-90.5377,23.4741],[-90.5391,23.4767],[-90.5406,23.4793],[-90.5421,23.4818],[-90.5437,23.4844],[-90.5453,23.4869],[-90.547,23.4893],[-90.5487,23.4918],[-90.5505,23.4942],[-90.5523,23.4965],[-90.5542,23.4989],[-90.5561,23.5012],[-90.558,23.5035],[-90.56,23.5058],[-90.562,23.508],[-90.5641,23.5102],[-90.5662,23.5123],[-90.5684,23.5145],[-90.5706,23.5166],[-90.5728,23.5186],[-90.5751,23.5206],[-90.5774,23.5226],[-90.5798,23.5246],[-90.5822,23.5265],[-90.5846,23.5283],[-90.587,23.5302],[-90.5895,23.532],[-90.5921,23.5337],[-90.5946,23.5354],[-90.5972,23.5371],[-90.5998,23.5387],[-90.6025,23.5403],[-90.6052,23.5418],[-90.6079,23.5433],[-90.6106,23.5448],[-90.6134,23.5462],[-90.6162,23.5476],[-90.619,23.5489],[-90.6219,23.5501],[-90.6247,23.5514],[-90.6276,23.5526],[-90.6305,23.5537],[-90.6335,23.5548],[-90.6364,23.5558],[-90.6394,23.5568],[-90.6424,23.5578],[-90.6454,23.5587],[-90.6485,23.5595],[-90.6515,23.5603],[-90.6546,23.5611],[-90.6576,23.5618],[-90.6607,23.5624],[-90.6638,23.563],[-90.6669,23.5636],[-90.67,23.5641],[-90.6732,23.5645],[-90.6763,23.5649],[-90.6795,23.5653],[-90.6826,23.5656],[-90.6858,23.5659],[-90.6889,23.5661],[-90.6921,23.5662],[-90.6952,23.5663],[-90.6984,23.5664]]]},"properties":{"objectid":12944,"radii":64,"stormid":"al092026","basin":"al","stormnum":9,"advnum":"6","validtime":"2026100812","synoptime":"2026100800","timezone":"UTC","tau":12,"ne":10,"se":10,"sw":0,"nw":0,"idp_source":"al092026_2026100803_forecastradii","idp_filedate":1791430091000,"idp_ingestdate":1791430210000,"st_area(shape)":0.047108410149822179,"st_perimeter(shape)":0.87591190991153678,"binnumber":"AT4"}},{"type":"Feature","id":12945,"geometry":{"type":"Polygon","coordinates":[[[-89.0838,26.3636],[-89.1146,26.1973],[-89.1437,26.1968],[-89.1728,26.1959],[-89.2019,26.1945],[-89.2309,26.1927],[-89.2599,26.1903],[-89.2889,26.1876],[-89.3178,26.1844],[-89.3466,26.1807],[-89.3754,26.1765],[-89.404,26.1719],[-89.4326,26.1669],[-89.461,26.1614],[-89.4894,26.1554],[-89.5176,26.149],[-89.5457,26.1422],[-89.5737,26.1349],[-89.6015,26.1272],[-89.6291,26.119],[-89.6566,26.1104],[-89.6839,26.1014],[-89.711,26.0919],[-89.7379,26.082],[-89.7646,26.0717],[-89.7912,26.0609],[-89.8175,26.0497],[-89.8435,26.0382],[-89.8694,26.0262],[-89.895,26.0138],[-89.9203,26.001],[-89.9454,25.9878],[-89.9702,25.9742],[-89.9947,25.9602],[-90.019,25.9458],[-90.043,25.931],[-90.0667,25.9159],[-90.09,25.9004],[-90.1131,25.8845],[-90.1359,25.8682],[-90.1583,25.8516],[-90.1804,25.8347],[-90.2021,25.8174],[-90.2235,25.7997],[-90.2446,25.7818],[-90.2653,25.7634],[-90.2856,25.7448],[-90.3056,25.7258],[-90.3252,25.7066],[-90.3444,25.687],[-90.3632,25.6671],[-90.3816,25.6469],[-90.3996,25.6265],[-90.4173,25.6057],[-90.4345,25.5847],[-90.4512,25.5634],[-90.4676,25.5419],[-90.4836,25.5201],[-90.4991,25.498],[-90.5142,25.4757],[-90.5288,25.4532],[-90.543,25.4304],[-90.5568,25.4074],[-90.5701,25.3842],[-90.5829,25.3608],[-90.5953,25.3372],[-90.6072,25.3134],[-90.6187,25.2894],[-90.6297,25.2652],[-90.6402,25.2409],[-90.6502,25.2164],[-90.6598,25.1917],[-90.6689,25.1669],[-90.6775,25.142],[-90.6856,25.1169],[-90.6932,25.0917],[-90.7004,25.0664],[-90.707,25.041],[-90.7132,25.0154],[-90.7188,24.9898],[-90.724,24.9641],[-90.7287,24.9383],[-90.7328,24.9125],[-90.7365,24.8866],[-90.7397,24.8606],[-90.7423,24.8346],[-90.7445,24.8085],[-90.7462,24.7824],[-90.7473,24.7563],[-90.748,24.7302],[-90.7481,24.7041],[-90.1986,24.6873],[-90.1981,24.6699],[-90.1973,24.6525],[-90.1961,24.6351],[-90.1946,24.6177],[-90.1928,24.6004],[-90.1907,24.5831],[-90.1882,24.5658],[-90.1854,24.5486],[-90.1822,24.5314],[-90.1788,24.5142],[-90.175,24.4972],[-90.1708,24.4802],[-90.1664,24.4632],[-90.1616,24.4463],[-90.1565,24.4295],[-90.1511,24.4128],[-90.1454,24.3962],[-90.1393,24.3797],[-90.1329,24.3633],[-90.1263,24.3469],[-90.1193,24.3307],[-90.112,24.3146],[-90.1044,24.2986],[-90.0965,24.2828],[-90.0883,24.267],[-90.0798,24.2514],[-90.071,24.236],[-90.0619,24.2206],[-90.0526,24.2055],[-90.0429,24.1904],[-90.0329,24.1756],[-90.0227,24.1608],[-90.0122,24.1463],[-90.0014,24.1319],[-89.9904,24.1177],[-89.9791,24.1037],[-89.9675,24.0898],[-89.9556,24.0762],[-89.9435,24.0627],[-89.9312,24.0494],[-89.9186,24.0364],[-89.9057,24.0235],[-89.8927,24.0108],[-89.8793,23.9983],[-89.8658,23.9861],[-89.852,23.9741],[-89.838,23.9622],[-89.8237,23.9507],[-89.8093,23.9393],[-89.7946,23.9282],[-89.7798,23.9173],[-89.7647,23.9066],[-89.7494,23.8962],[-89.7339,23.886],[-89.7183,23.8761],[-89.7024,23.8664],[-89.6864,23.857],[-89.6702,23.8478],[-89.6539,23.8389],[-89.6373,23.8302],[-89.6207,23.8219],[-89.6038,23.8137],[-89.5868,23.8059],[-89.5697,23.7983],[-89.5524,23.791],[-89.535,23.784],[-89.5174,23.7772],[-89.4997,23.7707],[-89.482,23.7645],[-89.4641,23.7586],[-89.446,23.753],[-89.4279,23.7476],[-89.4097,23.7426],[-89.3914,23.7378],[-89.373,23.7333],[-89.3545,23.7292],[-89.336,23.7253],[-89.3174,23.7217],[-89.2987,23.7184],[-89.2799,23.7154],[-89.2611,23.7127],[-89.2423,23.7103],[-89.2234,23.7082],[-89.2045,23.7063],[-89.1855,23.7048],[-89.1665,23.7036],[-89.1476,23.7027],[-89.1285,23.7021],[-89.1095,23.7018],[-89.0858,23.2027],[-89.0574,23.2032],[-89.029,23.2041],[-89.0006,23.2054],[-88.9722,23.2072],[-88.9439,23.2095],[-88.9156,23.2122],[-88.8874,23.2153],[-88.8592,23.2189],[-88.8311,23.223],[-88.8031,23.2275],[-88.7752,23.2324],[-88.7474,23.2378],[-88.7196,23.2436],[-88.692,23.2498],[-88.6645,23.2565],[-88.6372,23.2636],[-88.6099,23.2712],[-88.5828,23.2792],[-88.5559,23.2876],[-88.5291,23.2964],[-88.5025,23.3057],[-88.4761,23.3154],[-88.4499,23.3255],[-88.4238,23.336],[-88.398,23.3469],[-88.3723,23.3583],[-88.3469,23.37],[-88.3217,23.3821],[-88.2967,23.3947],[-88.272,23.4076],[-88.2475,23.4209],[-88.2232,23.4346],[-88.1992,23.4487],[-88.1755,23.4632],[-88.1521,23.4781],[-88.1289,23.4933],[-88.106,23.5088],[-88.0835,23.5248],[-88.0612,23.5411],[-88.0392,23.5577],[-88.0176,23.5747],[-87.9962,23.592],[-87.9752,23.6097],[-87.9545,23.6277],[-87.9342,23.646],[-87.9142,23.6647],[-87.8946,23.6836],[-87.8753,23.7029],[-87.8564,23.7225],[-87.8378,23.7423],[-87.8197,23.7625],[-87.8019,23.7829],[-87.7845,23.8037],[-87.7675,23.8246],[-87.7509,23.8459],[-87.7347,23.8674],[-87.7189,23.8892],[-87.7035,23.9112],[-87.6885,23.9335],[-87.674,23.956],[-87.6599,23.9787],[-87.6462,24.0016],[-87.6329,24.0248],[-87.6201,24.0482],[-87.6077,24.0717],[-87.5958,24.0955],[-87.5843,24.1194],[-87.5733,24.1435],[-87.5628,24.1678],[-87.5527,24.1923],[-87.543,24.2169],[-87.5339,24.2416],[-87.5252,24.2665],[-87.517,24.2916],[-87.5092,24.3167],[-87.502,24.342],[-87.4952,24.3674],[-87.4889,24.3929],[-87.4831,24.4185],[-87.4778,24.4442],[-87.473,24.4699],[-87.4686,24.4958],[-87.4648,24.5217],[-87.4614,24.5476],[-87.4586,24.5736],[-87.4563,24.5996],[-87.4544,24.6257],[-87.4531,24.6518],[-87.4522,24.6779],[-87.2687,24.7034],[-87.2689,24.7324],[-87.2696,24.7615],[-87.2708,24.7905],[-87.2726,24.8195],[-87.275,24.8484],[-87.2779,24.8773],[-87.2814,24.9062],[-87.2854,24.935],[-87.29,24.9637],[-87.2951,24.9924],[-87.3008,25.021],[-87.3071,25.0494],[-87.3139,25.0778],[-87.3212,25.1061],[-87.3291,25.1342],[-87.3376,25.1622],[-87.3465,25.1901],[-87.3561,25.2178],[-87.3661,25.2454],[-87.3767,25.2728],[-87.3878,25.3],[-87.3995,25.3271],[-87.4117,25.3539],[-87.4244,25.3806],[-87.4376,25.4071],[-87.4513,25.4333],[-87.4656,25.4593],[-87.4803,25.4851],[-87.4956,25.5107],[-87.5114,25.536],[-87.5276,25.5611],[-87.5443,25.5859],[-87.5616,25.6104],[-87.5793,25.6346],[-87.5974,25.6586],[-87.6161,25.6823],[-87.6352,25.7057],[-87.6547,25.7287],[-87.6748,25.7515],[-87.6952,25.7739],[-87.7161,25.796],[-87.7375,25.8178],[-87.7592,25.8392],[-87.7814,25.8603],[-87.804,25.881],[-87.827,25.9014],[-87.8504,25.9214],[-87.8742,25.941],[-87.8983,25.9603],[-87.9229,25.9791],[-87.9478,25.9976],[-87.9731,26.0157],[-87.9987,26.0333],[-88.0247,26.0506],[-88.0511,26.0674],[-88.0777,26.0838],[-88.1047,26.0998],[-88.132,26.1154],[-88.1596,26.1305],[-88.1875,26.1452],[-88.2157,26.1595],[-88.2441,26.1733],[-88.2729,26.1866],[-88.3018,26.1995],[-88.3311,26.2119],[-88.3606,26.2239],[-88.3903,26.2354],[-88.4202,26.2464],[-88.4504,26.2569],[-88.4808,26.267],[-88.5113,26.2766],[-88.5421,26.2857],[-88.573,26.2943],[-88.6041,26.3024],[-88.6354,26.31],[-88.6668,26.3171],[-88.6983,26.3237],[-88.73,26.3298],[-88.7618,26.3355],[-88.7936,26.3406],[-88.8256,26.3452],[-88.8577,26.3493],[-88.8899,26.3529],[-88.9221,26.3559],[-88.9544,26.3585],[-88.9867,26.3605],[-89.019,26.3621],[-89.0514,26.3631],[-89.0838,26.3636]]]},"properties":{"objectid":12945,"radii":34,"stormid":"al092026","basin":"al","stormnum":9,"advnum":"6","validtime":"2026100900","synoptime":"2026100800","timezone":"UTC","tau":24,"ne":100,"se":90,"sw":60,"nw":90,"idp_source":"al092026_2026100803_forecastradii","idp_filedate":1791430091000,"idp_ingestdate":1791430210000,"st_area(shape)":7.1386043708759681,"st_perimeter(shape)":10.647863187232073,"binnumber":"AT4"}},{"type":"Feature","id":12946,"geometry":{"type":"Polygon","coordinates":[[[-89.0936,25.3655],[-89.1032,25.0327],[-89.1096,25.0326],[-89.116,25.0324],[-89.1224,25.0321],[-89.1288,25.0317],[-89.1352,25.0312],[-89.1416,25.0306],[-89.1479,25.0299],[-89.1543,25.0291],[-89.1606,25.0282],[-89.1669,25.0272],[-89.1732,25.026],[-89.1795,25.0248],[-89.1857,25.0235],[-89.1919,25.0221],[-89.1981,25.0206],[-89.2043,25.019],[-89.2104,25.0173],[-89.2165,25.0155],[-89.2226,25.0136],[-89.2286,25.0116],[-89.2346,25.0095],[-89.2405,25.0073],[-89.2464,25.0051],[-89.2523,25.0027],[-89.2581,25.0002],[-89.2638,24.9977],[-89.2695,24.995],[-89.2752,24.9923],[-89.2808,24.9895],[-89.2863,24.9866],[-89.2918,24.9836],[-89.2972,24.9805],[-89.3026,24.9773],[-89.3079,24.9741],[-89.3132,24.9707],[-89.3183,24.9673],[-89.3234,24.9638],[-89.3285,24.9602],[-89.3335,24.9566],[-89.3384,24.9528],[-89.3432,24.949],[-89.3479,24.9451],[-89.3526,24.9411],[-89.3572,24.9371],[-89.3617,24.933],[-89.3662,24.9288],[-89.3705,24.9246],[-89.3748,24.9202],[-89.379,24.9158],[-89.3831,24.9114],[-89.3871,24.9069],[-89.391,24.9023],[-89.3949,24.8976],[-89.3986,24.8929],[-89.4023,24.8882],[-89.4059,24.8833],[-89.4093,24.8785],[-89.4127,24.8735],[-89.416,24.8685],[-89.4192,24.8635],[-89.4223,24.8584],[-89.4253,24.8533],[-89.4282,24.8481],[-89.431,24.8429],[-89.4336,24.8376],[-89.4362,24.8323],[-89.4387,24.827],[-89.4411,24.8216],[-89.4434,24.8161],[-89.4455,24.8107],[-89.4476,24.8052],[-89.4496,24.7997],[-89.4514,24.7941],[-89.4532,24.7885],[-89.4548,24.7829],[-89.4564,24.7773],[-89.4578,24.7716],[-89.4591,24.7659],[-89.4603,24.7602],[-89.4614,24.7545],[-89.4624,24.7487],[-89.4632,24.743],[-89.464,24.7372],[-89.4647,24.7315],[-89.4652,24.7257],[-89.4656,24.7199],[-89.4659,24.7141],[-89.4662,24.7083],[-89.4662,24.7025],[-89.6493,24.6946],[-89.6491,24.6859],[-89.6488,24.6772],[-89.6482,24.6685],[-89.6475,24.6598],[-89.6466,24.6512],[-89.6456,24.6425],[-89.6444,24.6339],[-89.643,24.6253],[-89.6415,24.6167],[-89.6398,24.6081],[-89.6379,24.5995],[-89.6359,24.591],[-89.6337,24.5825],[-89.6313,24.5741],[-89.6288,24.5657],[-89.6262,24.5573],[-89.6233,24.549],[-89.6203,24.5407],[-89.6172,24.5325],[-89.6139,24.5243],[-89.6104,24.5162],[-89.6068,24.5082],[-89.603,24.5001],[-89.5991,24.4922],[-89.595,24.4843],[-89.5908,24.4765],[-89.5864,24.4688],[-89.5819,24.4611],[-89.5772,24.4535],[-89.5724,24.4459],[-89.5674,24.4385],[-89.5623,24.4311],[-89.5571,24.4238],[-89.5517,24.4166],[-89.5462,24.4095],[-89.5406,24.4025],[-89.5348,24.3955],[-89.5289,24.3887],[-89.5228,24.3819],[-89.5167,24.3753],[-89.5104,24.3687],[-89.504,24.3623],[-89.4974,24.3559],[-89.4907,24.3497],[-89.484,24.3435],[-89.4771,24.3375],[-89.4701,24.3316],[-89.4629,24.3258],[-89.4557,24.3201],[-89.4484,24.3145],[-89.4409,24.309],[-89.4334,24.3037],[-89.4257,24.2984],[-89.418,24.2933],[-89.4101,24.2884],[-89.4022,24.2835],[-89.3942,24.2788],[-89.3861,24.2742],[-89.3779,24.2697],[-89.3696,24.2654],[-89.3612,24.2612],[-89.3528,24.2571],[-89.3443,24.2531],[-89.3357,24.2493],[-89.327,24.2457],[-89.3183,24.2421],[-89.3095,24.2387],[-89.3006,24.2355],[-89.2917,24.2324],[-89.2827,24.2294],[-89.2737,24.2266],[-89.2646,24.2239],[-89.2554,24.2214],[-89.2463,24.219],[-89.237,24.2167],[-89.2278,24.2146],[-89.2184,24.2127],[-89.2091,24.2109],[-89.1997,24.2092],[-89.1903,24.2077],[-89.1809,24.2064],[-89.1714,24.2051],[-89.1619,24.2041],[-89.1525,24.2032],[-89.1429,24.2024],[-89.1334,24.2018],[-89.1239,24.2014],[-89.1143,24.2011],[-89.1048,24.2009],[-89.0937,24.0345],[-89.0809,24.0348],[-89.0682,24.0352],[-89.0555,24.0358],[-89.0428,24.0366],[-89.0302,24.0376],[-89.0175,24.0388],[-89.0049,24.0402],[-88.9923,24.0418],[-88.9797,24.0436],[-88.9672,24.0456],[-88.9547,24.0478],[-88.9423,24.0502],[-88.9299,24.0528],[-88.9175,24.0556],[-88.9053,24.0586],[-88.893,24.0618],[-88.8808,24.0652],[-88.8687,24.0687],[-88.8567,24.0725],[-88.8447,24.0765],[-88.8329,24.0806],[-88.8211,24.0849],[-88.8093,24.0894],[-88.7977,24.0941],[-88.7862,24.099],[-88.7747,24.1041],[-88.7634,24.1093],[-88.7521,24.1148],[-88.741,24.1204],[-88.7299,24.1262],[-88.719,24.1321],[-88.7082,24.1382],[-88.6975,24.1445],[-88.6869,24.151],[-88.6765,24.1576],[-88.6662,24.1644],[-88.656,24.1714],[-88.6459,24.1785],[-88.636,24.1858],[-88.6262,24.1932],[-88.6166,24.2008],[-88.6071,24.2086],[-88.5977,24.2164],[-88.5885,24.2245],[-88.5795,24.2327],[-88.5706,24.241],[-88.5619,24.2495],[-88.5533,24.2581],[-88.5449,24.2668],[-88.5367,24.2757],[-88.5286,24.2847],[-88.5208,24.2938],[-88.513,24.303],[-88.5055,24.3124],[-88.4982,24.3219],[-88.491,24.3315],[-88.484,24.3412],[-88.4772,24.351],[-88.4706,24.3609],[-88.4641,24.371],[-88.4579,24.3811],[-88.4519,24.3913],[-88.446,24.4017],[-88.4404,24.4121],[-88.4349,24.4226],[-88.4297,24.4332],[-88.4247,24.4438],[-88.4198,24.4546],[-88.4152,24.4654],[-88.4108,24.4763],[-88.4065,24.4873],[-88.4025,24.4983],[-88.3987,24.5094],[-88.3952,24.5205],[-88.3918,24.5317],[-88.3886,24.543],[-88.3857,24.5543],[-88.383,24.5656],[-88.3805,24.577],[-88.3782,24.5884],[-88.3761,24.5999],[-88.3743,24.6114],[-88.3727,24.6229],[-88.3713,24.6345],[-88.3701,24.646],[-88.3691,24.6576],[-88.3684,24.6692],[-88.3679,24.6808],[-88.3676,24.6924],[-88.3675,24.704],[-88.3677,24.7156],[-88.368,24.7273],[-88.3687,24.7389],[-88.3695,24.7504],[-88.3705,24.762],[-88.3718,24.7736],[-88.3733,24.7851],[-88.375,24.7966],[-88.3769,24.8081],[-88.3791,24.8196],[-88.3815,24.831],[-88.384,24.8423],[-88.3869,24.8537],[-88.3899,24.865],[-88.3932,24.8762],[-88.3966,24.8874],[-88.4003,24.8985],[-88.4042,24.9096],[-88.4083,24.9206],[-88.4126,24.9315],[-88.4171,24.9424],[-88.4219,24.9531],[-88.4268,24.9639],[-88.432,24.9745],[-88.4373,24.985],[-88.4429,24.9955],[-88.4487,25.0059],[-88.4546,25.0162],[-88.4608,25.0263],[-88.4671,25.0364],[-88.4737,25.0464],[-88.4804,25.0563],[-88.4874,25.0661],[-88.4945,25.0757],[-88.5018,25.0853],[-88.5093,25.0947],[-88.517,25.104],[-88.5248,25.1132],[-88.5329,25.1222],[-88.5411,25.1312],[-88.5494,25.14],[-88.558,25.1486],[-88.5667,25.1571],[-88.5756,25.1655],[-88.5846,25.1738],[-88.5938,25.1819],[-88.6032,25.1898],[-88.6127,25.1976],[-88.6223,25.2053],[-88.6321,25.2128],[-88.6421,25.2201],[-88.6522,25.2273],[-88.6624,25.2343],[-88.6728,25.2412],[-88.6833,25.2479],[-88.6939,25.2544],[-88.7047,25.2607],[-88.7155,25.2669],[-88.7265,25.2729],[-88.7376,25.2788],[-88.7488,25.2844],[-88.7602,25.2899],[-88.7716,25.2952],[-88.7831,25.3003],[-88.7948,25.3053],[-88.8065,25.31],[-88.8183,25.3146],[-88.8302,25.3189],[-88.8422,25.3231],[-88.8542,25.3271],[-88.8664,25.3309],[-88.8786,25.3345],[-88.8909,25.3379],[-88.9032,25.3411],[-88.9156,25.3442],[-88.9281,25.347],[-88.9406,25.3496],[-88.9532,25.352],[-88.9658,25.3543],[-88.9785,25.3563],[-88.9912,25.3581],[-89.0039,25.3598],[-89.0166,25.3612],[-89.0294,25.3624],[-89.0422,25.3634],[-89.055,25.3642],[-89.0679,25.3648],[-89.0807,25.3652],[-89.0936,25.3655]]]},"properties":{"objectid":12946,"radii":50,"stormid":"al092026","basin":"al","stormnum":9,"advnum":"6","validtime":"2026100900","synoptime":"2026100800","timezone":"UTC","tau":24,"ne":40,"se":40,"sw":30,"nw":20,"idp_source":"al092026_2026100803_forecastradii","idp_filedate":1791430091000,"idp_ingestdate":1791430210000,"st_area(shape)":1.0756517468240125,"st_perimeter(shape)":4.2244767784049211,"binnumber":"AT4"}},{"type":"Feature","id":12947,"geometry":{"type":"Polygon","coordinates":[[[-89.0976,24.9495],[-89.1016,24.8664],[-89.1048,24.8663],[-89.108,24.8662],[-89.1112,24.8661],[-89.1144,24.8659],[-89.1176,24.8656],[-89.1208,24.8653],[-89.1239,24.8649],[-89.1271,24.8645],[-89.1303,24.8641],[-89.1334,24.8636],[-89.1366,24.863],[-89.1397,24.8624],[-89.1428,24.8618],[-89.1459,24.8611],[-89.149,24.8603],[-89.1521,24.8595],[-89.1551,24.8587],[-89.1582,24.8578],[-89.1612,24.8568],[-89.1642,24.8558],[-89.1672,24.8548],[-89.1702,24.8537],[-89.1731,24.8526],[-89.176,24.8514],[-89.1789,24.8501],[-89.1818,24.8489],[-89.1847,24.8475],[-89.1875,24.8462],[-89.1903,24.8448],[-89.1931,24.8433],[-89.1958,24.8418],[-89.1985,24.8403],[-89.2012,24.8387],[-89.2038,24.8371],[-89.2065,24.8354],[-89.2091,24.8337],[-89.2116,24.8319],[-89.2141,24.8302],[-89.2166,24.8283],[-89.2191,24.8265],[-89.2215,24.8246],[-89.2238,24.8226],[-89.2262,24.8206],[-89.2285,24.8186],[-89.2307,24.8166],[-89.233,24.8145],[-89.2351,24.8123],[-89.2373,24.8102],[-89.2394,24.808],[-89.2414,24.8058],[-89.2434,24.8035],[-89.2454,24.8012],[-89.2473,24.7989],[-89.2492,24.7965],[-89.251,24.7942],[-89.2528,24.7917],[-89.2546,24.7893],[-89.2563,24.7868],[-89.2579,24.7844],[-89.2595,24.7818],[-89.261,24.7793],[-89.2625,24.7767],[-89.264,24.7741],[-89.2654,24.7715],[-89.2667,24.7689],[-89.268,24.7662],[-89.2693,24.7636],[-89.2705,24.7609],[-89.2716,24.7582],[-89.2727,24.7554],[-89.2737,24.7527],[-89.2747,24.7499],[-89.2757,24.7472],[-89.2765,24.7444],[-89.2774,24.7416],[-89.2781,24.7387],[-89.2788,24.7359],[-89.2795,24.7331],[-89.2801,24.7302],[-89.2807,24.7274],[-89.2812,24.7245],[-89.2816,24.7216],[-89.282,24.7187],[-89.2823,24.7158],[-89.2826,24.7129],[-89.2828,24.71],[-89.283,24.7071],[-89.2831,24.7042],[-89.2831,24.7013],[-89.2831,24.6984],[-89.2831,24.6955],[-89.2829,24.6926],[-89.2828,24.6897],[-89.2825,24.6868],[-89.2823,24.6839],[-89.2819,24.6811],[-89.2815,24.6782],[-89.2811,24.6753],[-89.2806,24.6724],[-89.28,24.6696],[-89.2794,24.6667],[-89.2787,24.6639],[-89.278,24.6611],[-89.2772,24.6582],[-89.2764,24.6554],[-89.2755,24.6526],[-89.2746,24.6499],[-89.2736,24.6471],[-89.2726,24.6444],[-89.2715,24.6416],[-89.2703,24.6389],[-89.2691,24.6362],[-89.2679,24.6336],[-89.2665,24.6309],[-89.2652,24.6283],[-89.2638,24.6257],[-89.2623,24.6231],[-89.2608,24.6205],[-89.2593,24.618],[-89.2577,24.6155],[-89.256,24.613],[-89.2543,24.6105],[-89.2526,24.6081],[-89.2508,24.6057],[-89.249,24.6033],[-89.2471,24.601],[-89.2452,24.5987],[-89.2432,24.5964],[-89.2412,24.5941],[-89.2391,24.5919],[-89.237,24.5897],[-89.2349,24.5875],[-89.2327,24.5854],[-89.2305,24.5833],[-89.2282,24.5813],[-89.2259,24.5793],[-89.2236,24.5773],[-89.2212,24.5753],[-89.2188,24.5734],[-89.2164,24.5716],[-89.2139,24.5698],[-89.2114,24.568],[-89.2088,24.5662],[-89.2062,24.5645],[-89.2036,24.5629],[-89.201,24.5612],[-89.1983,24.5597],[-89.1956,24.5581],[-89.1928,24.5566],[-89.1901,24.5552],[-89.1873,24.5538],[-89.1845,24.5524],[-89.1816,24.5511],[-89.1787,24.5498],[-89.1759,24.5486],[-89.1729,24.5474],[-89.17,24.5463],[-89.167,24.5452],[-89.1641,24.5442],[-89.1611,24.5432],[-89.158,24.5422],[-89.155,24.5413],[-89.1519,24.5405],[-89.1489,24.5397],[-89.1458,24.5389],[-89.1427,24.5382],[-89.1396,24.5376],[-89.1365,24.537],[-89.1333,24.5364],[-89.1302,24.5359],[-89.127,24.5355],[-89.1239,24.5351],[-89.1207,24.5347],[-89.1175,24.5344],[-89.1144,24.5341],[-89.1112,24.5339],[-89.108,24.5338],[-89.1048,24.5337],[-89.1016,24.5336],[-89.0976,24.4505],[-89.0928,24.4505],[-89.088,24.4507],[-89.0833,24.4509],[-89.0785,24.4512],[-89.0737,24.4516],[-89.069,24.452],[-89.0642,24.4526],[-89.0595,24.4532],[-89.0548,24.4539],[-89.05,24.4546],[-89.0453,24.4554],[-89.0407,24.4564],[-89.036,24.4573],[-89.0314,24.4584],[-89.0267,24.4595],[-89.0221,24.4607],[-89.0176,24.462],[-89.013,24.4633],[-89.0085,24.4647],[-89.004,24.4662],[-88.9995,24.4678],[-88.9951,24.4694],[-88.9907,24.4711],[-88.9863,24.4729],[-88.982,24.4747],[-88.9777,24.4766],[-88.9734,24.4786],[-88.9692,24.4806],[-88.965,24.4827],[-88.9608,24.4849],[-88.9567,24.4872],[-88.9527,24.4895],[-88.9486,24.4918],[-88.9447,24.4943],[-88.9408,24.4968],[-88.9369,24.4993],[-88.9331,24.5019],[-88.9293,24.5046],[-88.9256,24.5073],[-88.9219,24.5101],[-88.9183,24.513],[-88.9147,24.5159],[-88.9112,24.5189],[-88.9078,24.5219],[-88.9044,24.525],[-88.901,24.5281],[-88.8978,24.5313],[-88.8946,24.5345],[-88.8914,24.5378],[-88.8883,24.5411],[-88.8853,24.5445],[-88.8823,24.5479],[-88.8795,24.5514],[-88.8766,24.5549],[-88.8739,24.5585],[-88.8712,24.5621],[-88.8686,24.5657],[-88.866,24.5694],[-88.8636,24.5732],[-88.8612,24.5769],[-88.8588,24.5807],[-88.8566,24.5846],[-88.8544,24.5885],[-88.8523,24.5924],[-88.8503,24.5963],[-88.8483,24.6003],[-88.8464,24.6043],[-88.8446,24.6083],[-88.8429,24.6124],[-88.8412,24.6165],[-88.8397,24.6206],[-88.8382,24.6247],[-88.8368,24.6289],[-88.8354,24.6331],[-88.8342,24.6373],[-88.833,24.6415],[-88.8319,24.6458],[-88.8309,24.65],[-88.83,24.6543],[-88.8292,24.6586],[-88.8284,24.6629],[-88.8277,24.6672],[-88.8271,24.6715],[-88.8266,24.6758],[-88.8262,24.6802],[-88.8259,24.6845],[-88.8256,24.6889],[-88.8254,24.6932],[-88.8253,24.6976],[-88.8253,24.7019],[-88.8254,24.7063],[-88.8256,24.7106],[-88.8258,24.715],[-88.8261,24.7193],[-88.8265,24.7237],[-88.827,24.728],[-88.8276,24.7323],[-88.8283,24.7366],[-88.829,24.7409],[-88.8298,24.7452],[-88.8307,24.7495],[-88.8317,24.7538],[-88.8328,24.758],[-88.8339,24.7623],[-88.8352,24.7665],[-88.8365,24.7706],[-88.8379,24.7748],[-88.8394,24.779],[-88.8409,24.7831],[-88.8425,24.7872],[-88.8442,24.7912],[-88.846,24.7953],[-88.8479,24.7993],[-88.8498,24.8033],[-88.8519,24.8072],[-88.854,24.8112],[-88.8561,24.815],[-88.8584,24.8189],[-88.8607,24.8227],[-88.8631,24.8265],[-88.8656,24.8302],[-88.8681,24.8339],[-88.8707,24.8376],[-88.8734,24.8412],[-88.8761,24.8448],[-88.8789,24.8483],[-88.8818,24.8518],[-88.8848,24.8552],[-88.8878,24.8586],[-88.8909,24.8619],[-88.894,24.8652],[-88.8972,24.8685],[-88.9005,24.8717],[-88.9038,24.8748],[-88.9072,24.8779],[-88.9107,24.8809],[-88.9142,24.8839],[-88.9177,24.8868],[-88.9213,24.8897],[-88.925,24.8925],[-88.9287,24.8952],[-88.9325,24.8979],[-88.9364,24.9005],[-88.9402,24.9031],[-88.9442,24.9056],[-88.9481,24.908],[-88.9522,24.9104],[-88.9562,24.9127],[-88.9603,24.915],[-88.9645,24.9171],[-88.9687,24.9193],[-88.9729,24.9213],[-88.9772,24.9233],[-88.9815,24.9252],[-88.9859,24.927],[-88.9903,24.9288],[-88.9947,24.9305],[-88.9991,24.9322],[-89.0036,24.9337],[-89.0081,24.9352],[-89.0127,24.9366],[-89.0173,24.938],[-89.0218,24.9393],[-89.0265,24.9405],[-89.0311,24.9416],[-89.0358,24.9426],[-89.0404,24.9436],[-89.0451,24.9445],[-89.0499,24.9454],[-89.0546,24.9461],[-89.0593,24.9468],[-89.0641,24.9474],[-89.0688,24.9479],[-89.0736,24.9484],[-89.0784,24.9488],[-89.0832,24.9491],[-89.088,24.9493],[-89.0928,24.9495],[-89.0976,24.9495]]]},"properties":{"objectid":12947,"radii":64,"stormid":"al092026","basin":"al","stormnum":9,"advnum":"6","validtime":"2026100900","synoptime":"2026100800","timezone":"UTC","tau":24,"ne":15,"se":15,"sw":10,"nw":10,"idp_source":"al092026_2026100803_forecastradii","idp_filedate":1791430091000,"idp_ingestdate":1791430210000,"st_area(shape)":0.15545743632824296,"st_perimeter(shape)":1.5317995822845973,"binnumber":"AT4"}},{"type":"Feature","id":12948,"geometry":{"type":"Polygon","coordinates":[[[-87.8801,28.7964],[-87.9182,28.63],[-87.9546,28.6294],[-87.9909,28.6283],[-88.0273,28.6266],[-88.0636,28.6243],[-88.0998,28.6215],[-88.136,28.6181],[-88.1721,28.6141],[-88.2081,28.6096],[-88.244,28.6045],[-88.2798,28.5989],[-88.3155,28.5927],[-88.351,28.586],[-88.3864,28.5787],[-88.4217,28.5708],[-88.4568,28.5624],[-88.4917,28.5535],[-88.5264,28.544],[-88.5609,28.5339],[-88.5952,28.5234],[-88.6293,28.5123],[-88.6631,28.5007],[-88.6967,28.4885],[-88.7301,28.4758],[-88.7632,28.4627],[-88.796,28.449],[-88.8285,28.4347],[-88.8607,28.42],[-88.8926,28.4048],[-88.9242,28.3891],[-88.9555,28.3729],[-88.9865,28.3562],[-89.0171,28.3391],[-89.0473,28.3214],[-89.0772,28.3033],[-89.1067,28.2847],[-89.1358,28.2657],[-89.1646,28.2462],[-89.1929,28.2263],[-89.2208,28.206],[-89.2483,28.1852],[-89.2754,28.164],[-89.302,28.1423],[-89.3282,28.1203],[-89.354,28.0978],[-89.3793,28.075],[-89.4041,28.0518],[-89.4285,28.0281],[-89.4523,28.0041],[-89.4757,27.9798],[-89.4986,27.9551],[-89.521,27.93],[-89.5429,27.9046],[-89.5642,27.8788],[-89.5851,27.8527],[-89.6054,27.8263],[-89.6252,27.7996],[-89.6444,27.7726],[-89.6631,27.7453],[-89.6812,27.7177],[-89.6988,27.6898],[-89.7158,27.6616],[-89.7323,27.6332],[-89.7482,27.6045],[-89.7635,27.5756],[-89.7782,27.5465],[-89.7924,27.5171],[-89.8059,27.4876],[-89.8189,27.4578],[-89.8313,27.4278],[-89.8431,27.3976],[-89.8543,27.3673],[-89.8648,27.3367],[-89.8748,27.306],[-89.8842,27.2752],[-89.8929,27.2442],[-89.9011,27.2131],[-89.9086,27.1819],[-89.9155,27.1506],[-89.9218,27.1191],[-89.9274,27.0876],[-89.9325,27.056],[-89.9369,27.0243],[-89.9407,26.9925],[-89.9438,26.9607],[-89.9464,26.9289],[-89.9483,26.897],[-89.9496,26.8651],[-89.9503,26.8331],[-89.9503,26.8012],[-89.2045,26.7839],[-89.2039,26.7635],[-89.2029,26.7432],[-89.2014,26.723],[-89.1996,26.7027],[-89.1974,26.6825],[-89.1948,26.6623],[-89.1918,26.6421],[-89.1884,26.622],[-89.1846,26.602],[-89.1805,26.582],[-89.1759,26.5621],[-89.171,26.5423],[-89.1656,26.5225],[-89.1599,26.5028],[-89.1538,26.4833],[-89.1473,26.4638],[-89.1405,26.4444],[-89.1333,26.4251],[-89.1257,26.406],[-89.1177,26.387],[-89.1094,26.368],[-89.1007,26.3493],[-89.0916,26.3306],[-89.0822,26.3122],[-89.0725,26.2938],[-89.0623,26.2756],[-89.0519,26.2576],[-89.041,26.2397],[-89.0299,26.2221],[-89.0184,26.2045],[-89.0065,26.1872],[-88.9944,26.1701],[-88.9819,26.1531],[-88.9691,26.1364],[-88.9559,26.1198],[-88.9425,26.1035],[-88.9287,26.0873],[-88.9146,26.0714],[-88.9003,26.0557],[-88.8856,26.0403],[-88.8706,26.025],[-88.8554,26.01],[-88.8398,25.9953],[-88.824,25.9807],[-88.8079,25.9665],[-88.7915,25.9525],[-88.7749,25.9387],[-88.758,25.9252],[-88.7409,25.912],[-88.7234,25.899],[-88.7058,25.8863],[-88.6879,25.8739],[-88.6698,25.8618],[-88.6514,25.8499],[-88.6329,25.8384],[-88.6141,25.8271],[-88.5951,25.8161],[-88.5759,25.8054],[-88.5565,25.7951],[-88.5369,25.785],[-88.5171,25.7752],[-88.4971,25.7658],[-88.4769,25.7566],[-88.4566,25.7478],[-88.4361,25.7393],[-88.4155,25.7311],[-88.3947,25.7232],[-88.3737,25.7157],[-88.3526,25.7085],[-88.3314,25.7016],[-88.3101,25.695],[-88.2886,25.6888],[-88.267,25.6829],[-88.2453,25.6774],[-88.2235,25.6721],[-88.2016,25.6673],[-88.1796,25.6627],[-88.1576,25.6586],[-88.1354,25.6547],[-88.1132,25.6512],[-88.091,25.6481],[-88.0686,25.6453],[-88.0462,25.6428],[-88.0238,25.6407],[-88.0014,25.639],[-87.9789,25.6376],[-87.9563,25.6365],[-87.9338,25.6358],[-87.9113,25.6355],[-87.8824,24.97],[-87.8472,24.9706],[-87.812,24.9717],[-87.7768,24.9733],[-87.7416,24.9755],[-87.7065,24.9782],[-87.6715,24.9815],[-87.6365,24.9854],[-87.6016,24.9897],[-87.5668,24.9947],[-87.5321,25.0001],[-87.4975,25.0061],[-87.463,25.0127],[-87.4286,25.0197],[-87.3944,25.0273],[-87.3603,25.0355],[-87.3264,25.0442],[-87.2926,25.0534],[-87.2591,25.0631],[-87.2257,25.0733],[-87.1925,25.0841],[-87.1595,25.0954],[-87.1267,25.1072],[-87.0942,25.1195],[-87.0619,25.1323],[-87.0298,25.1456],[-86.998,25.1594],[-86.9664,25.1737],[-86.9351,25.1885],[-86.9041,25.2037],[-86.8734,25.2195],[-86.843,25.2357],[-86.8129,25.2524],[-86.7832,25.2696],[-86.7537,25.2872],[-86.7246,25.3053],[-86.6958,25.3238],[-86.6674,25.3428],[-86.6394,25.3622],[-86.6117,25.3821],[-86.5844,25.4024],[-86.5575,25.4231],[-86.5309,25.4442],[-86.5048,25.4657],[-86.4791,25.4876],[-86.4538,25.51],[-86.4289,25.5327],[-86.4045,25.5558],[-86.3805,25.5793],[-86.357,25.6031],[-86.3339,25.6274],[-86.3113,25.6519],[-86.2891,25.6768],[-86.2674,25.7021],[-86.2462,25.7277],[-86.2255,25.7536],[-86.2053,25.7799],[-86.1856,25.8064],[-86.1664,25.8333],[-86.1477,25.8604],[-86.1296,25.8879],[-86.1119,25.9156],[-86.0948,25.9436],[-86.0782,25.9718],[-86.0622,26.0003],[-86.0467,26.0291],[-86.0318,26.058],[-86.0174,26.0872],[-86.0036,26.1167],[-85.9904,26.1463],[-85.9777,26.1762],[-85.9657,26.2062],[-85.9541,26.2364],[-85.9432,26.2668],[-85.9329,26.2974],[-85.9231,26.3281],[-85.914,26.3589],[-85.9054,26.39],[-85.8975,26.4211],[-85.8901,26.4523],[-85.8834,26.4837],[-85.8772,26.5151],[-85.8717,26.5467],[-85.8668,26.5783],[-85.8625,26.61],[-85.8588,26.6418],[-85.8557,26.6736],[-85.8533,26.7055],[-85.8515,26.7374],[-85.8503,26.7693],[-85.6633,26.7999],[-85.6633,26.8347],[-85.664,26.8695],[-85.6653,26.9043],[-85.6674,26.9391],[-85.6701,26.9739],[-85.6735,27.0086],[-85.6776,27.0432],[-85.6823,27.0778],[-85.6878,27.1123],[-85.6939,27.1467],[-85.7007,27.181],[-85.7082,27.2152],[-85.7163,27.2493],[-85.7251,27.2832],[-85.7346,27.317],[-85.7448,27.3507],[-85.7556,27.3842],[-85.7671,27.4175],[-85.7793,27.4506],[-85.7921,27.4835],[-85.8055,27.5163],[-85.8196,27.5488],[-85.8344,27.5811],[-85.8498,27.6131],[-85.8658,27.6449],[-85.8825,27.6765],[-85.8998,27.7078],[-85.9177,27.7388],[-85.9363,27.7695],[-85.9554,27.8],[-85.9752,27.8301],[-85.9955,27.8599],[-86.0165,27.8894],[-86.038,27.9186],[-86.0602,27.9474],[-86.0829,27.9759],[-86.1062,28.004],[-86.13,28.0318],[-86.1544,28.0592],[-86.1794,28.0861],[-86.2049,28.1128],[-86.2309,28.139],[-86.2575,28.1647],[-86.2845,28.1901],[-86.3121,28.2151],[-86.3402,28.2396],[-86.3688,28.2637],[-86.3979,28.2873],[-86.4274,28.3105],[-86.4574,28.3332],[-86.4879,28.3554],[-86.5188,28.3771],[-86.5502,28.3984],[-86.582,28.4192],[-86.6142,28.4395],[-86.6468,28.4593],[-86.6798,28.4785],[-86.7132,28.4973],[-86.747,28.5155],[-86.7812,28.5332],[-86.8157,28.5504],[-86.8505,28.567],[-86.8857,28.583],[-86.9212,28.5986],[-86.9571,28.6135],[-86.9932,28.6279],[-87.0296,28.6418],[-87.0663,28.6551],[-87.1033,28.6678],[-87.1405,28.6799],[-87.178,28.6914],[-87.2157,28.7024],[-87.2536,28.7127],[-87.2917,28.7225],[-87.3301,28.7317],[-87.3686,28.7403],[-87.4072,28.7483],[-87.4461,28.7556],[-87.4851,28.7624],[-87.5242,28.7686],[-87.5634,28.7741],[-87.6028,28.779],[-87.6422,28.7834],[-87.6817,28.7871],[-87.7213,28.7902],[-87.761,28.7926],[-87.8007,28.7945],[-87.8404,28.7957],[-87.8801,28.7964]]]},"properties":{"objectid":12948,"radii":34,"stormid":"al092026","basin":"al","stormnum":9,"advnum":"6","validtime":"2026100912","synoptime":"2026100800","timezone":"UTC","tau":36,"ne":120,"se":110,"sw":70,"nw":110,"idp_source":"al092026_2026100803_forecastradii","idp_filedate":1791430091000,"idp_ingestdate":1791430210000,"st_area(shape)":10.611301521549667,"st_perimeter(shape)":13.030340715926471,"binnumber":"AT4"}},{"type":"Feature","id":12949,"geometry":{"type":"Polygon","coordinates":[[[-87.8902,27.7982],[-87.9057,27.3823],[-87.9172,27.3821],[-87.9286,27.3817],[-87.94,27.3812],[-87.9515,27.3805],[-87.9629,27.3796],[-87.9742,27.3785],[-87.9856,27.3773],[-87.9969,27.3759],[-88.0082,27.3743],[-88.0195,27.3725],[-88.0307,27.3705],[-88.0419,27.3684],[-88.0531,27.3661],[-88.0642,27.3636],[-88.0752,27.361],[-88.0862,27.3582],[-88.0972,27.3552],[-88.108,27.352],[-88.1188,27.3487],[-88.1296,27.3452],[-88.1403,27.3416],[-88.1509,27.3377],[-88.1614,27.3338],[-88.1718,27.3296],[-88.1822,27.3253],[-88.1924,27.3208],[-88.2026,27.3162],[-88.2127,27.3114],[-88.2227,27.3064],[-88.2326,27.3013],[-88.2424,27.2961],[-88.2521,27.2907],[-88.2616,27.2851],[-88.2711,27.2794],[-88.2804,27.2735],[-88.2897,27.2675],[-88.2988,27.2614],[-88.3078,27.2551],[-88.3166,27.2487],[-88.3254,27.2421],[-88.334,27.2354],[-88.3424,27.2286],[-88.3508,27.2217],[-88.3589,27.2146],[-88.367,27.2074],[-88.3749,27.2],[-88.3827,27.1926],[-88.3903,27.185],[-88.3977,27.1773],[-88.405,27.1695],[-88.4122,27.1616],[-88.4192,27.1535],[-88.426,27.1454],[-88.4327,27.1371],[-88.4392,27.1288],[-88.4456,27.1203],[-88.4517,27.1118],[-88.4577,27.1032],[-88.4636,27.0944],[-88.4692,27.0856],[-88.4747,27.0767],[-88.48,27.0677],[-88.4852,27.0586],[-88.4901,27.0495],[-88.4949,27.0402],[-88.4995,27.0309],[-88.5039,27.0216],[-88.5081,27.0121],[-88.5122,27.0026],[-88.516,26.993],[-88.5197,26.9834],[-88.5231,26.9737],[-88.5264,26.964],[-88.5295,26.9542],[-88.5324,26.9444],[-88.5351,26.9345],[-88.5376,26.9246],[-88.5399,26.9147],[-88.542,26.9047],[-88.544,26.8946],[-88.5457,26.8846],[-88.5472,26.8745],[-88.5486,26.8644],[-88.5497,26.8543],[-88.5506,26.8442],[-88.5514,26.8341],[-88.5519,26.8239],[-88.5522,26.8137],[-88.5524,26.8036],[-88.4591,26.7945],[-88.4589,26.7858],[-88.4585,26.7771],[-88.458,26.7684],[-88.4573,26.7598],[-88.4564,26.7511],[-88.4553,26.7424],[-88.4541,26.7338],[-88.4527,26.7252],[-88.4511,26.7166],[-88.4494,26.708],[-88.4475,26.6994],[-88.4454,26.6909],[-88.4432,26.6824],[-88.4408,26.674],[-88.4382,26.6656],[-88.4355,26.6572],[-88.4326,26.6489],[-88.4295,26.6406],[-88.4263,26.6324],[-88.423,26.6242],[-88.4194,26.6161],[-88.4157,26.6081],[-88.4119,26.6001],[-88.4079,26.5921],[-88.4037,26.5842],[-88.3994,26.5764],[-88.395,26.5687],[-88.3904,26.561],[-88.3856,26.5534],[-88.3807,26.5459],[-88.3757,26.5384],[-88.3705,26.5311],[-88.3652,26.5238],[-88.3597,26.5166],[-88.3541,26.5094],[-88.3483,26.5024],[-88.3424,26.4955],[-88.3364,26.4886],[-88.3303,26.4819],[-88.324,26.4752],[-88.3176,26.4687],[-88.3111,26.4622],[-88.3044,26.4559],[-88.2976,26.4496],[-88.2907,26.4435],[-88.2837,26.4374],[-88.2766,26.4315],[-88.2693,26.4257],[-88.262,26.42],[-88.2545,26.4144],[-88.2469,26.409],[-88.2392,26.4036],[-88.2314,26.3984],[-88.2236,26.3933],[-88.2156,26.3883],[-88.2075,26.3835],[-88.1993,26.3787],[-88.1911,26.3741],[-88.1827,26.3697],[-88.1743,26.3653],[-88.1658,26.3611],[-88.1572,26.3571],[-88.1485,26.3531],[-88.1398,26.3493],[-88.131,26.3456],[-88.1221,26.3421],[-88.1131,26.3387],[-88.1041,26.3355],[-88.095,26.3324],[-88.0859,26.3294],[-88.0767,26.3266],[-88.0675,26.3239],[-88.0582,26.3214],[-88.0488,26.319],[-88.0394,26.3167],[-88.03,26.3146],[-88.0205,26.3127],[-88.011,26.3109],[-88.0015,26.3092],[-87.9919,26.3077],[-87.9823,26.3064],[-87.9727,26.3051],[-87.963,26.3041],[-87.9534,26.3032],[-87.9437,26.3024],[-87.934,26.3018],[-87.9243,26.3014],[-87.9146,26.3011],[-87.9049,26.3009],[-87.8919,25.9682],[-87.8758,25.9684],[-87.8596,25.9689],[-87.8435,25.9697],[-87.8274,25.9707],[-87.8113,25.972],[-87.7953,25.9735],[-87.7792,25.9752],[-87.7632,25.9772],[-87.7473,25.9795],[-87.7314,25.982],[-87.7155,25.9847],[-87.6997,25.9877],[-87.684,25.991],[-87.6683,25.9945],[-87.6527,25.9982],[-87.6371,26.0022],[-87.6217,26.0064],[-87.6063,26.0108],[-87.591,26.0155],[-87.5758,26.0205],[-87.5607,26.0256],[-87.5457,26.031],[-87.5309,26.0367],[-87.5161,26.0425],[-87.5014,26.0486],[-87.4869,26.055],[-87.4724,26.0615],[-87.4581,26.0683],[-87.444,26.0753],[-87.43,26.0825],[-87.4161,26.0899],[-87.4023,26.0976],[-87.3887,26.1054],[-87.3753,26.1135],[-87.362,26.1218],[-87.3489,26.1303],[-87.3359,26.1389],[-87.3231,26.1478],[-87.3105,26.1569],[-87.2981,26.1662],[-87.2858,26.1757],[-87.2738,26.1853],[-87.2619,26.1952],[-87.2502,26.2052],[-87.2387,26.2154],[-87.2274,26.2258],[-87.2163,26.2364],[-87.2054,26.2471],[-87.1947,26.258],[-87.1842,26.2691],[-87.174,26.2803],[-87.1639,26.2917],[-87.1541,26.3033],[-87.1445,26.3149],[-87.1351,26.3268],[-87.126,26.3388],[-87.1171,26.3509],[-87.1084,26.3632],[-87.1,26.3756],[-87.0918,26.3881],[-87.0838,26.4007],[-87.0761,26.4135],[-87.0687,26.4264],[-87.0615,26.4394],[-87.0545,26.4525],[-87.0478,26.4658],[-87.0414,26.4791],[-87.0352,26.4925],[-87.0293,26.506],[-87.0237,26.5196],[-87.0183,26.5333],[-87.0132,26.5471],[-87.0083,26.561],[-87.0037,26.5749],[-86.9994,26.5889],[-86.9954,26.6029],[-86.9916,26.6171],[-86.9881,26.6312],[-86.9849,26.6455],[-86.982,26.6597],[-86.9793,26.6741],[-86.9769,26.6884],[-86.9748,26.7028],[-86.973,26.7173],[-86.9715,26.7317],[-86.9702,26.7462],[-86.9693,26.7607],[-86.9686,26.7752],[-86.9682,26.7897],[-86.7817,26.8043],[-86.7818,26.8217],[-86.7823,26.8392],[-86.7832,26.8566],[-86.7844,26.8739],[-86.7859,26.8913],[-86.7878,26.9087],[-86.79,26.926],[-86.7925,26.9432],[-86.7954,26.9605],[-86.7987,26.9776],[-86.8022,26.9948],[-86.8061,27.0118],[-86.8104,27.0289],[-86.8149,27.0458],[-86.8198,27.0627],[-86.8251,27.0794],[-86.8306,27.0962],[-86.8365,27.1128],[-86.8427,27.1293],[-86.8493,27.1457],[-86.8561,27.162],[-86.8633,27.1782],[-86.8708,27.1943],[-86.8786,27.2103],[-86.8868,27.2261],[-86.8952,27.2419],[-86.904,27.2574],[-86.913,27.2729],[-86.9224,27.2882],[-86.9321,27.3033],[-86.9421,27.3183],[-86.9523,27.3332],[-86.9629,27.3479],[-86.9737,27.3624],[-86.9849,27.3767],[-86.9963,27.3909],[-87.008,27.4049],[-87.0199,27.4187],[-87.0322,27.4323],[-87.0447,27.4457],[-87.0575,27.4589],[-87.0705,27.472],[-87.0838,27.4848],[-87.0974,27.4974],[-87.1112,27.5098],[-87.1252,27.522],[-87.1395,27.5339],[-87.154,27.5457],[-87.1688,27.5572],[-87.1838,27.5684],[-87.199,27.5795],[-87.2144,27.5903],[-87.23,27.6008],[-87.2459,27.6112],[-87.2619,27.6212],[-87.2782,27.631],[-87.2946,27.6406],[-87.3112,27.6499],[-87.328,27.6589],[-87.345,27.6677],[-87.3622,27.6762],[-87.3795,27.6845],[-87.397,27.6924],[-87.4147,27.7001],[-87.4325,27.7076],[-87.4504,27.7147],[-87.4685,27.7216],[-87.4867,27.7282],[-87.5051,27.7345],[-87.5235,27.7405],[-87.5421,27.7462],[-87.5608,27.7516],[-87.5797,27.7567],[-87.5986,27.7616],[-87.6176,27.7661],[-87.6367,27.7704],[-87.6558,27.7743],[-87.6751,27.778],[-87.6944,27.7814],[-87.7138,27.7844],[-87.7332,27.7872],[-87.7527,27.7896],[-87.7723,27.7917],[-87.7919,27.7936],[-87.8115,27.7951],[-87.8311,27.7963],[-87.8508,27.7973],[-87.8705,27.7979],[-87.8902,27.7982]]]},"properties":{"objectid":12949,"radii":50,"stormid":"al092026","basin":"al","stormnum":9,"advnum":"6","validtime":"2026100912","synoptime":"2026100800","timezone":"UTC","tau":36,"ne":60,"se":50,"sw":30,"nw":35,"idp_source":"al092026_2026100803_forecastradii","idp_filedate":1791430091000,"idp_ingestdate":1791430210000,"st_area(shape)":2.0031782703160452,"st_perimeter(shape)":5.8307709432851818,"binnumber":"AT4"}},{"type":"Feature","id":12950,"geometry":{"type":"Polygon","coordinates":[[[-87.8967,27.1327],[-87.9033,27.1327],[-87.9098,27.1326],[-87.9163,27.1324],[-87.9228,27.1321],[-87.9293,27.1317],[-87.9358,27.1312],[-87.9423,27.1306],[-87.9488,27.1299],[-87.9553,27.1291],[-87.9617,27.1282],[-87.9681,27.1271],[-87.9745,27.126],[-87.9809,27.1248],[-87.9873,27.1235],[-87.9936,27.1221],[-87.9999,27.1206],[-88.0062,27.119],[-88.0124,27.1173],[-88.0186,27.1155],[-88.0248,27.1136],[-88.0309,27.1116],[-88.037,27.1095],[-88.0431,27.1073],[-88.0491,27.1051],[-88.055,27.1027],[-88.0609,27.1002],[-88.0668,27.0977],[-88.0726,27.095],[-88.0783,27.0923],[-88.084,27.0895],[-88.0897,27.0866],[-88.0953,27.0836],[-88.1008,27.0805],[-88.1063,27.0773],[-88.1117,27.0741],[-88.117,27.0707],[-88.1223,27.0673],[-88.1275,27.0638],[-88.1326,27.0602],[-88.1377,27.0566],[-88.1427,27.0528],[-88.1476,27.049],[-88.1524,27.0451],[-88.1572,27.0411],[-88.1618,27.0371],[-88.1664,27.033],[-88.171,27.0288],[-88.1754,27.0245],[-88.1798,27.0202],[-88.184,27.0158],[-88.1882,27.0114],[-88.1923,27.0068],[-88.1963,27.0022],[-88.2002,26.9976],[-88.204,26.9929],[-88.2077,26.9881],[-88.2114,26.9833],[-88.2149,26.9784],[-88.2183,26.9735],[-88.2217,26.9685],[-88.2249,26.9635],[-88.2281,26.9584],[-88.2311,26.9533],[-88.2341,26.9481],[-88.2369,26.9428],[-88.2396,26.9376],[-88.2423,26.9323],[-88.2448,26.9269],[-88.2472,26.9215],[-88.2495,26.9161],[-88.2517,26.9106],[-88.2539,26.9051],[-88.2559,26.8996],[-88.2577,26.8941],[-88.2595,26.8885],[-88.2612,26.8829],[-88.2627,26.8772],[-88.2642,26.8716],[-88.2655,26.8659],[-88.2667,26.8602],[-88.2679,26.8544],[-88.2689,26.8487],[-88.2697,26.843],[-88.2705,26.8372],[-88.2712,26.8314],[-88.2717,26.8256],[-88.2722,26.8198],[-88.2725,26.814],[-88.2727,26.8082],[-88.2728,26.8024],[-88.1796,26.7975],[-88.1795,26.7932],[-88.1793,26.7888],[-88.179,26.7845],[-88.1787,26.7801],[-88.1783,26.7758],[-88.1777,26.7715],[-88.1771,26.7672],[-88.1764,26.7628],[-88.1757,26.7585],[-88.1748,26.7543],[-88.1739,26.75],[-88.1728,26.7457],[-88.1717,26.7415],[-88.1705,26.7373],[-88.1693,26.7331],[-88.1679,26.7289],[-88.1665,26.7247],[-88.165,26.7206],[-88.1634,26.7165],[-88.1617,26.7124],[-88.1599,26.7083],[-88.1581,26.7043],[-88.1562,26.7003],[-88.1542,26.6963],[-88.1521,26.6923],[-88.15,26.6884],[-88.1478,26.6846],[-88.1455,26.6807],[-88.1431,26.6769],[-88.1406,26.6731],[-88.1381,26.6694],[-88.1355,26.6657],[-88.1329,26.6621],[-88.1301,26.6585],[-88.1273,26.6549],[-88.1245,26.6514],[-88.1215,26.6479],[-88.1185,26.6445],[-88.1154,26.6411],[-88.1123,26.6378],[-88.1091,26.6345],[-88.1058,26.6313],[-88.1025,26.6281],[-88.0991,26.6249],[-88.0957,26.6219],[-88.0922,26.6189],[-88.0886,26.6159],[-88.085,26.613],[-88.0813,26.6101],[-88.0775,26.6073],[-88.0738,26.6046],[-88.0699,26.6019],[-88.066,26.5993],[-88.0621,26.5967],[-88.0581,26.5943],[-88.054,26.5918],[-88.0499,26.5895],[-88.0458,26.5871],[-88.0416,26.5849],[-88.0374,26.5827],[-88.0332,26.5806],[-88.0289,26.5786],[-88.0245,26.5766],[-88.0201,26.5747],[-88.0157,26.5729],[-88.0113,26.5711],[-88.0068,26.5694],[-88.0023,26.5678],[-87.9977,26.5662],[-87.9931,26.5647],[-87.9885,26.5633],[-87.9839,26.562],[-87.9792,26.5607],[-87.9746,26.5595],[-87.9699,26.5584],[-87.9651,26.5573],[-87.9604,26.5564],[-87.9556,26.5554],[-87.9508,26.5546],[-87.9461,26.5539],[-87.9412,26.5532],[-87.9364,26.5526],[-87.9316,26.552],[-87.9268,26.5516],[-87.9219,26.5512],[-87.917,26.5509],[-87.9122,26.5507],[-87.9073,26.5505],[-87.9024,26.5505],[-87.896,26.3841],[-87.8878,26.3842],[-87.8798,26.3845],[-87.8717,26.3848],[-87.8636,26.3854],[-87.8555,26.386],[-87.8475,26.3867],[-87.8394,26.3876],[-87.8314,26.3886],[-87.8234,26.3898],[-87.8154,26.391],[-87.8074,26.3924],[-87.7995,26.3939],[-87.7916,26.3955],[-87.7837,26.3973],[-87.7759,26.3992],[-87.7681,26.4011],[-87.7604,26.4033],[-87.7527,26.4055],[-87.745,26.4079],[-87.7374,26.4103],[-87.7298,26.4129],[-87.7223,26.4156],[-87.7148,26.4185],[-87.7074,26.4214],[-87.7001,26.4245],[-87.6928,26.4276],[-87.6855,26.4309],[-87.6784,26.4343],[-87.6713,26.4378],[-87.6643,26.4414],[-87.6573,26.4452],[-87.6504,26.449],[-87.6436,26.4529],[-87.6369,26.457],[-87.6302,26.4611],[-87.6236,26.4654],[-87.6172,26.4697],[-87.6108,26.4742],[-87.6044,26.4788],[-87.5982,26.4834],[-87.5921,26.4882],[-87.586,26.493],[-87.5801,26.4979],[-87.5742,26.503],[-87.5685,26.5081],[-87.5629,26.5133],[-87.5573,26.5186],[-87.5519,26.524],[-87.5465,26.5294],[-87.5413,26.535],[-87.5362,26.5406],[-87.5311,26.5463],[-87.5262,26.5521],[-87.5215,26.558],[-87.5168,26.5639],[-87.5122,26.5699],[-87.5078,26.576],[-87.5035,26.5821],[-87.4993,26.5883],[-87.4952,26.5946],[-87.4912,26.601],[-87.4874,26.6074],[-87.4837,26.6138],[-87.4801,26.6203],[-87.4766,26.6269],[-87.4733,26.6335],[-87.4701,26.6402],[-87.467,26.6469],[-87.4641,26.6537],[-87.4613,26.6605],[-87.4586,26.6673],[-87.4561,26.6742],[-87.4537,26.6812],[-87.4514,26.6881],[-87.4493,26.6951],[-87.4473,26.7022],[-87.4454,26.7093],[-87.4437,26.7163],[-87.4421,26.7235],[-87.4407,26.7306],[-87.4394,26.7378],[-87.4382,26.745],[-87.4372,26.7522],[-87.4363,26.7594],[-87.4356,26.7666],[-87.435,26.7739],[-87.4346,26.7811],[-87.4342,26.7884],[-87.4341,26.7956],[-87.5272,26.8024],[-87.5273,26.8082],[-87.5275,26.814],[-87.5279,26.8198],[-87.5283,26.8256],[-87.5288,26.8314],[-87.5295,26.8372],[-87.5303,26.843],[-87.5312,26.8487],[-87.5322,26.8544],[-87.5333,26.8602],[-87.5345,26.8659],[-87.5358,26.8716],[-87.5373,26.8772],[-87.5388,26.8829],[-87.5405,26.8885],[-87.5423,26.8941],[-87.5442,26.8996],[-87.5462,26.9051],[-87.5483,26.9106],[-87.5505,26.9161],[-87.5528,26.9215],[-87.5552,26.9269],[-87.5577,26.9323],[-87.5604,26.9376],[-87.5631,26.9428],[-87.566,26.9481],[-87.5689,26.9533],[-87.5719,26.9584],[-87.5751,26.9635],[-87.5783,26.9685],[-87.5817,26.9735],[-87.5851,26.9784],[-87.5886,26.9833],[-87.5923,26.9881],[-87.596,26.9929],[-87.5998,26.9976],[-87.6037,27.0023],[-87.6077,27.0068],[-87.6118,27.0114],[-87.616,27.0158],[-87.6203,27.0202],[-87.6246,27.0245],[-87.6291,27.0288],[-87.6336,27.033],[-87.6382,27.0371],[-87.6429,27.0411],[-87.6476,27.0451],[-87.6525,27.049],[-87.6574,27.0528],[-87.6624,27.0566],[-87.6674,27.0602],[-87.6725,27.0638],[-87.6777,27.0673],[-87.683,27.0707],[-87.6883,27.0741],[-87.6937,27.0773],[-87.6992,27.0805],[-87.7047,27.0836],[-87.7103,27.0866],[-87.716,27.0895],[-87.7217,27.0923],[-87.7274,27.095],[-87.7332,27.0977],[-87.7391,27.1002],[-87.745,27.1027],[-87.751,27.1051],[-87.757,27.1073],[-87.763,27.1095],[-87.7691,27.1116],[-87.7752,27.1136],[-87.7814,27.1155],[-87.7876,27.1173],[-87.7938,27.119],[-87.8001,27.1206],[-87.8064,27.1221],[-87.8127,27.1235],[-87.8191,27.1248],[-87.8255,27.126],[-87.8319,27.1272],[-87.8383,27.1282],[-87.8447,27.1291],[-87.8512,27.1299],[-87.8577,27.1306],[-87.8642,27.1312],[-87.8707,27.1317],[-87.8772,27.1321],[-87.8837,27.1324],[-87.8902,27.1326],[-87.8967,27.1327]]]},"properties":{"objectid":12950,"radii":64,"stormid":"al092026","basin":"al","stormnum":9,"advnum":"6","validtime":"2026100912","synoptime":"2026100800","timezone":"UTC","tau":36,"ne":20,"se":25,"sw":15,"nw":20,"idp_source":"al092026_2026100803_forecastradii","idp_filedate":1791430091000,"idp_ingestdate":1791430210000,"st_area(shape)":0.40158821960934299,"st_perimeter(shape)":2.5532769164579805,"binnumber":"AT4"}},{"type":"Feature","id":12951,"geometry":{"type":"Polygon","coordinates":[[[-87.2761,31.9291],[-87.3187,31.43],[-87.3562,31.4294],[-87.3936,31.4283],[-87.4309,31.4266],[-87.4683,31.4243],[-87.5055,31.4215],[-87.5427,31.4181],[-87.5799,31.4141],[-87.6169,31.4096],[-87.6538,31.4045],[-87.6907,31.3988],[-87.7274,31.3926],[-87.7639,31.3859],[-87.8003,31.3786],[-87.8366,31.3707],[-87.8727,31.3623],[-87.9086,31.3533],[-87.9443,31.3438],[-87.9798,31.3338],[-88.015,31.3232],[-88.0501,31.3121],[-88.0849,31.3004],[-88.1194,31.2882],[-88.1537,31.2755],[-88.1877,31.2623],[-88.2215,31.2486],[-88.2549,31.2344],[-88.288,31.2196],[-88.3208,31.2044],[-88.3533,31.1886],[-88.3855,31.1724],[-88.4173,31.1557],[-88.4487,31.1385],[-88.4798,31.1208],[-88.5105,31.1027],[-88.5408,31.0841],[-88.5707,31.0651],[-88.6002,31.0455],[-88.6293,31.0256],[-88.658,31.0052],[-88.6863,30.9844],[-88.7141,30.9631],[-88.7414,30.9415],[-88.7683,30.9194],[-88.7948,30.8969],[-88.8207,30.874],[-88.8462,30.8508],[-88.8712,30.8271],[-88.8957,30.8031],[-88.9197,30.7787],[-88.9432,30.7539],[-88.9661,30.7288],[-88.9886,30.7034],[-89.0105,30.6776],[-89.0318,30.6515],[-89.0527,30.625],[-89.0729,30.5983],[-89.0926,30.5712],[-89.1118,30.5439],[-89.1304,30.5163],[-89.1484,30.4884],[-89.1658,30.4602],[-89.1827,30.4317],[-89.199,30.403],[-89.2146,30.3741],[-89.2297,30.3449],[-89.2442,30.3156],[-89.258,30.286],[-89.2713,30.2562],[-89.284,30.2261],[-89.296,30.1959],[-89.3074,30.1656],[-89.3182,30.135],[-89.3284,30.1043],[-89.3379,30.0735],[-89.3468,30.0425],[-89.3551,30.0114],[-89.3628,29.9801],[-89.3698,29.9488],[-89.3762,29.9173],[-89.3819,29.8858],[-89.387,29.8542],[-89.3915,29.8225],[-89.3953,29.7907],[-89.3985,29.7589],[-89.401,29.727],[-89.4029,29.6951],[-89.4042,29.6632],[-89.4048,29.6313],[-89.4048,29.5994],[-88.6391,29.5831],[-88.6385,29.5628],[-88.6374,29.5425],[-88.6359,29.5222],[-88.634,29.502],[-88.6317,29.4817],[-88.629,29.4615],[-88.6259,29.4414],[-88.6224,29.4213],[-88.6185,29.4013],[-88.6141,29.3813],[-88.6094,29.3614],[-88.6043,29.3416],[-88.5988,29.3218],[-88.5929,29.3021],[-88.5867,29.2826],[-88.58,29.2631],[-88.5729,29.2437],[-88.5655,29.2245],[-88.5577,29.2053],[-88.5495,29.1863],[-88.5409,29.1674],[-88.532,29.1486],[-88.5227,29.13],[-88.513,29.1115],[-88.5029,29.0932],[-88.4925,29.075],[-88.4817,29.057],[-88.4706,29.0392],[-88.4592,29.0215],[-88.4473,29.004],[-88.4352,28.9867],[-88.4227,28.9695],[-88.4098,28.9526],[-88.3967,28.9359],[-88.3832,28.9193],[-88.3694,28.903],[-88.3552,28.8869],[-88.3408,28.871],[-88.326,28.8553],[-88.3109,28.8398],[-88.2956,28.8246],[-88.2799,28.8096],[-88.2639,28.7949],[-88.2477,28.7804],[-88.2312,28.7661],[-88.2144,28.7521],[-88.1973,28.7384],[-88.18,28.7249],[-88.1623,28.7117],[-88.1445,28.6987],[-88.1264,28.686],[-88.108,28.6736],[-88.0894,28.6615],[-88.0706,28.6497],[-88.0516,28.6381],[-88.0323,28.6269],[-88.0128,28.6159],[-87.9931,28.6052],[-87.9732,28.5949],[-87.953,28.5848],[-87.9327,28.575],[-87.9123,28.5656],[-87.8916,28.5565],[-87.8707,28.5476],[-87.8497,28.5391],[-87.8285,28.531],[-87.8072,28.5231],[-87.7857,28.5156],[-87.7641,28.5084],[-87.7423,28.5015],[-87.7204,28.4949],[-87.6984,28.4887],[-87.6763,28.4828],[-87.654,28.4773],[-87.6317,28.4721],[-87.6092,28.4672],[-87.5867,28.4627],[-87.5641,28.4585],[-87.5414,28.4547],[-87.5186,28.4512],[-87.4958,28.4481],[-87.4729,28.4453],[-87.4499,28.4428],[-87.4269,28.4407],[-87.4039,28.439],[-87.3809,28.4376],[-87.3578,28.4365],[-87.3347,28.4358],[-87.3116,28.4355],[-87.2803,27.6036],[-87.241,27.6042],[-87.2018,27.6054],[-87.1625,27.6072],[-87.1233,27.6096],[-87.0841,27.6126],[-87.045,27.6162],[-87.006,27.6203],[-86.967,27.6251],[-86.9282,27.6304],[-86.8894,27.6364],[-86.8508,27.6429],[-86.8123,27.65],[-86.7739,27.6577],[-86.7357,27.666],[-86.6977,27.6748],[-86.6598,27.6843],[-86.6221,27.6943],[-86.5846,27.7048],[-86.5473,27.716],[-86.5103,27.7277],[-86.4734,27.7399],[-86.4368,27.7528],[-86.4005,27.7661],[-86.3644,27.7801],[-86.3286,27.7945],[-86.293,27.8095],[-86.2578,27.8251],[-86.2228,27.8412],[-86.1882,27.8578],[-86.1539,27.8749],[-86.1199,27.8926],[-86.0863,27.9107],[-86.053,27.9294],[-86.0201,27.9486],[-85.9875,27.9682],[-85.9554,27.9884],[-85.9236,28.009],[-85.8922,28.0302],[-85.8612,28.0518],[-85.8307,28.0738],[-85.8006,28.0963],[-85.7709,28.1193],[-85.7416,28.1427],[-85.7128,28.1666],[-85.6845,28.1909],[-85.6567,28.2156],[-85.6293,28.2408],[-85.6024,28.2663],[-85.576,28.2923],[-85.5502,28.3186],[-85.5248,28.3454],[-85.5,28.3725],[-85.4757,28.4],[-85.4519,28.4279],[-85.4286,28.4561],[-85.406,28.4847],[-85.3838,28.5136],[-85.3623,28.5428],[-85.3413,28.5724],[-85.3209,28.6022],[-85.3011,28.6324],[-85.2818,28.6629],[-85.2632,28.6937],[-85.2452,28.7247],[-85.2278,28.756],[-85.2109,28.7876],[-85.1948,28.8194],[-85.1792,28.8515],[-85.1643,28.8837],[-85.15,28.9163],[-85.1363,28.949],[-85.1233,28.9819],[-85.111,29.015],[-85.0993,29.0483],[-85.0882,29.0818],[-85.0779,29.1154],[-85.0681,29.1492],[-85.0591,29.1832],[-85.0507,29.2172],[-85.0431,29.2514],[-85.036,29.2857],[-85.0297,29.3201],[-85.0241,29.3546],[-85.0191,29.3892],[-85.0148,29.4238],[-85.0113,29.4585],[-85.0084,29.4932],[-85.0062,29.528],[-85.0047,29.5628],[-84.6213,29.5934],[-84.621,29.6341],[-84.6216,29.6747],[-84.6229,29.7153],[-84.6251,29.7559],[-84.6281,29.7965],[-84.632,29.837],[-84.6366,29.8774],[-84.642,29.9178],[-84.6483,29.9581],[-84.6554,29.9982],[-84.6633,30.0383],[-84.672,30.0782],[-84.6815,30.118],[-84.6919,30.1577],[-84.703,30.1972],[-84.7149,30.2365],[-84.7277,30.2756],[-84.7412,30.3145],[-84.7555,30.3532],[-84.7707,30.3917],[-84.7866,30.43],[-84.8033,30.468],[-84.8208,30.5057],[-84.839,30.5432],[-84.858,30.5804],[-84.8778,30.6173],[-84.8984,30.6539],[-84.9197,30.6901],[-84.9417,30.7261],[-84.9645,30.7617],[-84.9881,30.797],[-85.0123,30.8318],[-85.0373,30.8664],[-85.063,30.9005],[-85.0894,30.9342],[-85.1165,30.9676],[-85.1443,31.0005],[-85.1728,31.033],[-85.202,31.065],[-85.2318,31.0966],[-85.2623,31.1278],[-85.2934,31.1585],[-85.3252,31.1887],[-85.3576,31.2184],[-85.3906,31.2476],[-85.4243,31.2763],[-85.4585,31.3045],[-85.4934,31.3322],[-85.5288,31.3594],[-85.5648,31.386],[-85.6013,31.412],[-85.6384,31.4375],[-85.676,31.4624],[-85.7142,31.4868],[-85.7528,31.5106],[-85.792,31.5337],[-85.8316,31.5563],[-85.8717,31.5783],[-85.9123,31.5997],[-85.9534,31.6204],[-85.9948,31.6405],[-86.0367,31.66],[-86.079,31.6789],[-86.1217,31.6971],[-86.1648,31.7146],[-86.2083,31.7315],[-86.2521,31.7478],[-86.2962,31.7633],[-86.3407,31.7782],[-86.3855,31.7924],[-86.4306,31.806],[-86.4759,31.8188],[-86.5216,31.831],[-86.5675,31.8424],[-86.6136,31.8532],[-86.66,31.8633],[-86.7065,31.8726],[-86.7533,31.8813],[-86.8002,31.8892],[-86.8473,31.8965],[-86.8946,31.903],[-86.942,31.9088],[-86.9895,31.9138],[-87.0371,31.9182],[-87.0848,31.9218],[-87.1325,31.9247],[-87.1803,31.9269],[-87.2282,31.9284],[-87.2761,31.9291]]]},"properties":{"objectid":12951,"radii":34,"stormid":"al092026","basin":"al","stormnum":9,"advnum":"6","validtime":"2026101000","synoptime":"2026100800","timezone":"UTC","tau":48,"ne":140,"se":120,"sw":70,"nw":110,"idp_source":"al092026_2026100803_forecastradii","idp_filedate":1791430091000,"idp_ingestdate":1791430210000,"st_area(shape)":12.779445121342457,"st_perimeter(shape)":14.74655689372417,"binnumber":"AT4"}},{"type":"Feature","id":12952,"geometry":{"type":"Polygon","coordinates":[[[-87.2916,30.4318],[-87.3067,30.2655],[-87.3202,30.2652],[-87.3336,30.2648],[-87.3471,30.2642],[-87.3605,30.2634],[-87.3739,30.2624],[-87.3872,30.2612],[-87.4006,30.2597],[-87.4139,30.2581],[-87.4272,30.2563],[-87.4404,30.2543],[-87.4536,30.252],[-87.4668,30.2496],[-87.4798,30.247],[-87.4929,30.2441],[-87.5059,30.2411],[-87.5188,30.2379],[-87.5316,30.2345],[-87.5444,30.2309],[-87.5571,30.2271],[-87.5697,30.2231],[-87.5823,30.2189],[-87.5947,30.2145],[-87.6071,30.2099],[-87.6193,30.2052],[-87.6315,30.2002],[-87.6436,30.1951],[-87.6555,30.1898],[-87.6674,30.1843],[-87.6791,30.1787],[-87.6907,30.1728],[-87.7022,30.1668],[-87.7136,30.1606],[-87.7248,30.1543],[-87.7359,30.1477],[-87.7469,30.141],[-87.7577,30.1342],[-87.7684,30.1271],[-87.7789,30.1199],[-87.7893,30.1126],[-87.7996,30.1051],[-87.8097,30.0974],[-87.8196,30.0896],[-87.8294,30.0817],[-87.839,30.0736],[-87.8484,30.0653],[-87.8577,30.0569],[-87.8668,30.0484],[-87.8758,30.0397],[-87.8845,30.0309],[-87.8931,30.022],[-87.9015,30.0129],[-87.9097,30.0037],[-87.9177,29.9944],[-87.9255,29.985],[-87.9331,29.9754],[-87.9406,29.9658],[-87.9478,29.956],[-87.9548,29.9461],[-87.9617,29.9361],[-87.9683,29.926],[-87.9747,29.9158],[-87.981,29.9055],[-87.987,29.8952],[-87.9928,29.8847],[-87.9984,29.8741],[-88.0037,29.8635],[-88.0089,29.8528],[-88.0138,29.842],[-88.0186,29.8311],[-88.0231,29.8202],[-88.0273,29.8092],[-88.0314,29.7981],[-88.0352,29.787],[-88.0388,29.7758],[-88.0422,29.7646],[-88.0454,29.7533],[-88.0483,29.7419],[-88.051,29.7306],[-88.0535,29.7191],[-88.0557,29.7077],[-88.0577,29.6962],[-88.0595,29.6847],[-88.061,29.6732],[-88.0623,29.6616],[-88.0634,29.65],[-88.0642,29.6384],[-88.0648,29.6268],[-88.0652,29.6152],[-88.0654,29.6036],[-87.874,29.5944],[-87.8738,29.5857],[-87.8734,29.577],[-87.8728,29.5683],[-87.872,29.5596],[-87.8711,29.5509],[-87.87,29.5423],[-87.8687,29.5336],[-87.8673,29.525],[-87.8657,29.5164],[-87.8639,29.5079],[-87.862,29.4993],[-87.8598,29.4908],[-87.8575,29.4823],[-87.855,29.4739],[-87.8524,29.4655],[-87.8496,29.4571],[-87.8466,29.4488],[-87.8435,29.4405],[-87.8402,29.4323],[-87.8367,29.4241],[-87.8331,29.416],[-87.8293,29.4079],[-87.8254,29.3999],[-87.8213,29.392],[-87.817,29.3841],[-87.8126,29.3763],[-87.808,29.3686],[-87.8033,29.3609],[-87.7984,29.3533],[-87.7934,29.3458],[-87.7882,29.3383],[-87.7829,29.331],[-87.7774,29.3237],[-87.7718,29.3165],[-87.766,29.3094],[-87.7601,29.3023],[-87.754,29.2954],[-87.7479,29.2885],[-87.7415,29.2818],[-87.7351,29.2751],[-87.7285,29.2686],[-87.7218,29.2621],[-87.715,29.2558],[-87.708,29.2495],[-87.7009,29.2434],[-87.6937,29.2374],[-87.6864,29.2315],[-87.679,29.2257],[-87.6714,29.22],[-87.6637,29.2144],[-87.656,29.2089],[-87.6481,29.2036],[-87.6401,29.1984],[-87.632,29.1933],[-87.6238,29.1883],[-87.6155,29.1834],[-87.6071,29.1787],[-87.5987,29.1741],[-87.5901,29.1696],[-87.5815,29.1653],[-87.5727,29.1611],[-87.5639,29.157],[-87.555,29.1531],[-87.546,29.1493],[-87.537,29.1456],[-87.5279,29.1421],[-87.5187,29.1387],[-87.5094,29.1355],[-87.5001,29.1324],[-87.4907,29.1294],[-87.4813,29.1266],[-87.4718,29.1239],[-87.4623,29.1213],[-87.4527,29.119],[-87.443,29.1167],[-87.4334,29.1146],[-87.4237,29.1127],[-87.4139,29.1109],[-87.4041,29.1092],[-87.3943,29.1077],[-87.3844,29.1063],[-87.3746,29.1051],[-87.3647,29.1041],[-87.3548,29.1032],[-87.3448,29.1024],[-87.3349,29.1018],[-87.3249,29.1014],[-87.315,29.1011],[-87.305,29.1009],[-87.2917,28.7682],[-87.2752,28.7684],[-87.2586,28.7689],[-87.2421,28.7697],[-87.2256,28.7707],[-87.2091,28.772],[-87.1926,28.7735],[-87.1761,28.7752],[-87.1597,28.7772],[-87.1434,28.7795],[-87.1271,28.782],[-87.1108,28.7847],[-87.0946,28.7877],[-87.0784,28.791],[-87.0624,28.7944],[-87.0463,28.7982],[-87.0304,28.8021],[-87.0145,28.8063],[-86.9988,28.8108],[-86.9831,28.8155],[-86.9675,28.8204],[-86.952,28.8256],[-86.9366,28.831],[-86.9214,28.8366],[-86.9062,28.8425],[-86.8912,28.8486],[-86.8762,28.8549],[-86.8614,28.8614],[-86.8468,28.8682],[-86.8322,28.8752],[-86.8179,28.8824],[-86.8036,28.8898],[-86.7895,28.8975],[-86.7756,28.9053],[-86.7618,28.9134],[-86.7481,28.9216],[-86.7347,28.9301],[-86.7214,28.9388],[-86.7083,28.9477],[-86.6953,28.9568],[-86.6825,28.966],[-86.67,28.9755],[-86.6576,28.9852],[-86.6454,28.995],[-86.6334,29.005],[-86.6215,29.0152],[-86.6099,29.0256],[-86.5985,29.0362],[-86.5874,29.0469],[-86.5764,29.0578],[-86.5656,29.0689],[-86.5551,29.0801],[-86.5448,29.0915],[-86.5347,29.103],[-86.5248,29.1147],[-86.5152,29.1265],[-86.5058,29.1385],[-86.4967,29.1506],[-86.4878,29.1629],[-86.4791,29.1753],[-86.4707,29.1878],[-86.4625,29.2005],[-86.4546,29.2132],[-86.447,29.2261],[-86.4396,29.2391],[-86.4324,29.2522],[-86.4255,29.2654],[-86.4189,29.2788],[-86.4126,29.2922],[-86.4065,29.3057],[-86.4007,29.3193],[-86.3951,29.333],[-86.3899,29.3468],[-86.3849,29.3606],[-86.3801,29.3745],[-86.3757,29.3885],[-86.3716,29.4026],[-86.3677,29.4167],[-86.3641,29.4309],[-86.3608,29.4451],[-86.3577,29.4594],[-86.355,29.4737],[-86.3525,29.4881],[-86.3504,29.5025],[-86.3485,29.5169],[-86.3469,29.5313],[-86.3456,29.5458],[-86.3446,29.5603],[-86.3439,29.5748],[-86.3434,29.5893],[-86.3433,29.6038],[-86.3435,29.6183],[-86.3439,29.6329],[-86.3446,29.6474],[-86.3457,29.6619],[-86.347,29.6763],[-86.3486,29.6908],[-86.3505,29.7052],[-86.3527,29.7196],[-86.3552,29.7339],[-86.3579,29.7483],[-86.361,29.7625],[-86.3643,29.7768],[-86.368,29.7909],[-86.3719,29.805],[-86.3761,29.8191],[-86.3806,29.8331],[-86.3853,29.847],[-86.3904,29.8608],[-86.3957,29.8746],[-86.4013,29.8883],[-86.4072,29.9019],[-86.4133,29.9154],[-86.4198,29.9288],[-86.4265,29.9421],[-86.4334,29.9553],[-86.4407,29.9684],[-86.4482,29.9814],[-86.4559,29.9943],[-86.4639,30.007],[-86.4722,30.0196],[-86.4808,30.0321],[-86.4895,30.0445],[-86.4986,30.0567],[-86.5079,30.0688],[-86.5174,30.0808],[-86.5272,30.0926],[-86.5372,30.1042],[-86.5474,30.1157],[-86.5579,30.1271],[-86.5686,30.1382],[-86.5795,30.1493],[-86.5907,30.1601],[-86.6021,30.1708],[-86.6137,30.1813],[-86.6255,30.1916],[-86.6375,30.2018],[-86.6497,30.2117],[-86.6621,30.2215],[-86.6747,30.2311],[-86.6876,30.2405],[-86.7006,30.2497],[-86.7138,30.2587],[-86.7271,30.2675],[-86.7407,30.276],[-86.7544,30.2844],[-86.7683,30.2926],[-86.7823,30.3006],[-86.7966,30.3083],[-86.811,30.3158],[-86.8255,30.3232],[-86.8402,30.3303],[-86.855,30.3371],[-86.8699,30.3438],[-86.885,30.3502],[-86.9003,30.3563],[-86.9156,30.3623],[-86.9311,30.368],[-86.9466,30.3735],[-86.9623,30.3787],[-86.9781,30.3837],[-86.994,30.3885],[-87.01,30.393],[-87.0261,30.3973],[-87.0423,30.4013],[-87.0585,30.4051],[-87.0749,30.4087],[-87.0912,30.412],[-87.1077,30.415],[-87.1242,30.4178],[-87.1408,30.4203],[-87.1574,30.4226],[-87.1741,30.4247],[-87.1908,30.4265],[-87.2076,30.428],[-87.2243,30.4293],[-87.2411,30.4303],[-87.2579,30.4311],[-87.2748,30.4316],[-87.2916,30.4318]]]},"properties":{"objectid":12952,"radii":50,"stormid":"al092026","basin":"al","stormnum":9,"advnum":"6","validtime":"2026101000","synoptime":"2026100800","timezone":"UTC","tau":48,"ne":50,"se":50,"sw":30,"nw":40,"idp_source":"al092026_2026100803_forecastradii","idp_filedate":1791430091000,"idp_ingestdate":1791430210000,"st_area(shape)":1.8748781814826978,"st_perimeter(shape)":5.4362352632421009,"binnumber":"AT4"}},{"type":"Feature","id":12953,"geometry":{"type":"Polygon","coordinates":[[[-87.2958,30.0159],[-87.3034,29.9327],[-87.3101,29.9326],[-87.3168,29.9324],[-87.3234,29.9321],[-87.3301,29.9317],[-87.3368,29.9312],[-87.3435,29.9306],[-87.3501,29.9299],[-87.3568,29.9291],[-87.3634,29.9282],[-87.37,29.9271],[-87.3766,29.926],[-87.3831,29.9248],[-87.3896,29.9235],[-87.3961,29.9221],[-87.4026,29.9206],[-87.409,29.919],[-87.4155,29.9173],[-87.4218,29.9155],[-87.4282,29.9136],[-87.4344,29.9116],[-87.4407,29.9095],[-87.4469,29.9073],[-87.4531,29.9051],[-87.4592,29.9027],[-87.4653,29.9002],[-87.4713,29.8977],[-87.4772,29.895],[-87.4831,29.8923],[-87.489,29.8895],[-87.4948,29.8866],[-87.5005,29.8836],[-87.5062,29.8805],[-87.5118,29.8773],[-87.5174,29.874],[-87.5228,29.8707],[-87.5283,29.8673],[-87.5336,29.8638],[-87.5389,29.8602],[-87.544,29.8565],[-87.5492,29.8528],[-87.5542,29.849],[-87.5592,29.8451],[-87.5641,29.8411],[-87.5689,29.8371],[-87.5736,29.8329],[-87.5782,29.8288],[-87.5828,29.8245],[-87.5872,29.8202],[-87.5916,29.8158],[-87.5959,29.8113],[-87.6001,29.8068],[-87.6042,29.8022],[-87.6082,29.7976],[-87.6122,29.7929],[-87.616,29.7881],[-87.6197,29.7833],[-87.6233,29.7784],[-87.6269,29.7735],[-87.6303,29.7685],[-87.6336,29.7634],[-87.6368,29.7583],[-87.64,29.7532],[-87.643,29.748],[-87.6459,29.7428],[-87.6487,29.7375],[-87.6514,29.7322],[-87.654,29.7269],[-87.6565,29.7215],[-87.6589,29.716],[-87.6611,29.7106],[-87.6633,29.7051],[-87.6653,29.6996],[-87.6673,29.694],[-87.6691,29.6884],[-87.6708,29.6828],[-87.6724,29.6772],[-87.6739,29.6715],[-87.6753,29.6658],[-87.6765,29.6601],[-87.6776,29.6544],[-87.6787,29.6486],[-87.6796,29.6429],[-87.6804,29.6371],[-87.681,29.6313],[-87.6816,29.6256],[-87.6821,29.6198],[-87.6824,29.614],[-87.6826,29.6082],[-87.6827,29.6024],[-87.587,29.5975],[-87.5869,29.5932],[-87.5867,29.5888],[-87.5864,29.5845],[-87.5861,29.5801],[-87.5856,29.5758],[-87.5851,29.5714],[-87.5845,29.5671],[-87.5838,29.5628],[-87.583,29.5585],[-87.5821,29.5542],[-87.5811,29.5499],[-87.5801,29.5457],[-87.5789,29.5415],[-87.5777,29.5372],[-87.5764,29.533],[-87.575,29.5288],[-87.5735,29.5247],[-87.572,29.5205],[-87.5703,29.5164],[-87.5686,29.5123],[-87.5668,29.5083],[-87.5649,29.5042],[-87.563,29.5002],[-87.5609,29.4963],[-87.5588,29.4923],[-87.5566,29.4884],[-87.5543,29.4845],[-87.5519,29.4807],[-87.5495,29.4769],[-87.547,29.4731],[-87.5444,29.4694],[-87.5417,29.4657],[-87.539,29.462],[-87.5362,29.4584],[-87.5333,29.4549],[-87.5304,29.4514],[-87.5274,29.4479],[-87.5243,29.4445],[-87.5211,29.4411],[-87.5179,29.4377],[-87.5146,29.4345],[-87.5113,29.4312],[-87.5078,29.4281],[-87.5044,29.4249],[-87.5008,29.4219],[-87.4972,29.4188],[-87.4936,29.4159],[-87.4898,29.413],[-87.4861,29.4101],[-87.4822,29.4073],[-87.4783,29.4046],[-87.4744,29.4019],[-87.4704,29.3993],[-87.4663,29.3967],[-87.4622,29.3942],[-87.4581,29.3918],[-87.4539,29.3894],[-87.4497,29.3871],[-87.4454,29.3849],[-87.441,29.3827],[-87.4367,29.3806],[-87.4323,29.3786],[-87.4278,29.3766],[-87.4233,29.3747],[-87.4188,29.3729],[-87.4142,29.3711],[-87.4096,29.3694],[-87.405,29.3678],[-87.4003,29.3662],[-87.3956,29.3647],[-87.3909,29.3633],[-87.3861,29.362],[-87.3813,29.3607],[-87.3765,29.3595],[-87.3717,29.3584],[-87.3669,29.3573],[-87.362,29.3563],[-87.3571,29.3554],[-87.3522,29.3546],[-87.3473,29.3539],[-87.3423,29.3532],[-87.3374,29.3526],[-87.3324,29.352],[-87.3275,29.3516],[-87.3225,29.3512],[-87.3175,29.3509],[-87.3125,29.3507],[-87.3075,29.3505],[-87.3025,29.3505],[-87.2959,29.1841],[-87.2875,29.1842],[-87.2792,29.1845],[-87.2709,29.1848],[-87.2626,29.1854],[-87.2543,29.186],[-87.2461,29.1867],[-87.2378,29.1876],[-87.2296,29.1886],[-87.2214,29.1898],[-87.2132,29.191],[-87.205,29.1924],[-87.1969,29.1939],[-87.1888,29.1955],[-87.1807,29.1973],[-87.1727,29.1991],[-87.1647,29.2011],[-87.1567,29.2033],[-87.1488,29.2055],[-87.1409,29.2078],[-87.1331,29.2103],[-87.1254,29.2129],[-87.1176,29.2156],[-87.11,29.2184],[-87.1024,29.2214],[-87.0948,29.2244],[-87.0873,29.2276],[-87.0799,29.2309],[-87.0726,29.2343],[-87.0653,29.2378],[-87.0581,29.2414],[-87.0509,29.2451],[-87.0439,29.249],[-87.0369,29.2529],[-87.03,29.257],[-87.0232,29.2611],[-87.0164,29.2654],[-87.0098,29.2697],[-87.0032,29.2742],[-86.9967,29.2787],[-86.9903,29.2834],[-86.984,29.2881],[-86.9778,29.293],[-86.9717,29.2979],[-86.9657,29.3029],[-86.9598,29.308],[-86.954,29.3133],[-86.9483,29.3185],[-86.9427,29.3239],[-86.9372,29.3294],[-86.9319,29.3349],[-86.9266,29.3406],[-86.9215,29.3463],[-86.9164,29.3521],[-86.9115,29.3579],[-86.9067,29.3638],[-86.902,29.3698],[-86.8975,29.3759],[-86.893,29.3821],[-86.8887,29.3883],[-86.8845,29.3945],[-86.8805,29.4009],[-86.8765,29.4073],[-86.8727,29.4137],[-86.869,29.4202],[-86.8655,29.4268],[-86.8621,29.4334],[-86.8588,29.4401],[-86.8556,29.4468],[-86.8526,29.4536],[-86.8497,29.4604],[-86.847,29.4673],[-86.8444,29.4742],[-86.8419,29.4811],[-86.8396,29.4881],[-86.8374,29.4951],[-86.8353,29.5021],[-86.8334,29.5092],[-86.8316,29.5163],[-86.83,29.5234],[-86.8285,29.5305],[-86.8272,29.5377],[-86.826,29.5449],[-86.825,29.5521],[-86.8241,29.5593],[-86.8233,29.5665],[-86.8227,29.5738],[-86.8222,29.581],[-86.8219,29.5883],[-86.8217,29.5955],[-86.8217,29.6028],[-86.8218,29.61],[-86.822,29.6173],[-86.8224,29.6245],[-86.823,29.6318],[-86.8237,29.639],[-86.8245,29.6462],[-86.8255,29.6534],[-86.8266,29.6606],[-86.8279,29.6678],[-86.8293,29.675],[-86.8309,29.6821],[-86.8326,29.6892],[-86.8344,29.6963],[-86.8364,29.7033],[-86.8385,29.7104],[-86.8408,29.7173],[-86.8432,29.7243],[-86.8458,29.7312],[-86.8485,29.7381],[-86.8513,29.7449],[-86.8543,29.7517],[-86.8574,29.7584],[-86.8606,29.7651],[-86.864,29.7718],[-86.8675,29.7784],[-86.8711,29.7849],[-86.8749,29.7914],[-86.8788,29.7978],[-86.8828,29.8042],[-86.887,29.8105],[-86.8913,29.8167],[-86.8957,29.8229],[-86.9002,29.829],[-86.9049,29.835],[-86.9096,29.841],[-86.9145,29.8468],[-86.9196,29.8527],[-86.9247,29.8584],[-86.9299,29.864],[-86.9353,29.8696],[-86.9408,29.8751],[-86.9464,29.8805],[-86.952,29.8858],[-86.9578,29.8911],[-86.9637,29.8962],[-86.9697,29.9013],[-86.9759,29.9063],[-86.9821,29.9111],[-86.9884,29.9159],[-86.9948,29.9206],[-87.0013,29.9252],[-87.0079,29.9297],[-87.0145,29.934],[-87.0213,29.9383],[-87.0281,29.9425],[-87.0351,29.9466],[-87.0421,29.9505],[-87.0492,29.9544],[-87.0564,29.9581],[-87.0636,29.9618],[-87.0709,29.9653],[-87.0783,29.9687],[-87.0858,29.9721],[-87.0933,29.9752],[-87.1009,29.9783],[-87.1085,29.9813],[-87.1162,29.9841],[-87.124,29.9869],[-87.1318,29.9895],[-87.1397,29.992],[-87.1476,29.9943],[-87.1556,29.9966],[-87.1636,29.9987],[-87.1717,30.0007],[-87.1798,30.0026],[-87.1879,30.0044],[-87.1961,30.006],[-87.2043,30.0075],[-87.2125,30.0089],[-87.2207,30.0102],[-87.229,30.0113],[-87.2373,30.0123],[-87.2456,30.0132],[-87.254,30.014],[-87.2623,30.0146],[-87.2707,30.0151],[-87.2791,30.0155],[-87.2874,30.0158],[-87.2958,30.0159]]]},"properties":{"objectid":12953,"radii":64,"stormid":"al092026","basin":"al","stormnum":9,"advnum":"6","validtime":"2026101000","synoptime":"2026100800","timezone":"UTC","tau":48,"ne":25,"se":25,"sw":15,"nw":20,"idp_source":"al092026_2026100803_forecastradii","idp_filedate":1791430091000,"idp_ingestdate":1791430210000,"st_area(shape)":0.46863161221591976,"st_perimeter(shape)":2.717766107439783,"binnumber":"AT4"}},{"type":"Feature","id":12954,"geometry":{"type":"Polygon","coordinates":[[[-87.4807,34.33],[-87.5122,33.6645],[-87.5366,33.6642],[-87.561,33.6635],[-87.5854,33.6624],[-87.6098,33.6609],[-87.6341,33.6592],[-87.6584,33.657],[-87.6826,33.6545],[-87.7068,33.6516],[-87.7309,33.6484],[-87.7549,33.6448],[-87.7789,33.6409],[-87.8027,33.6366],[-87.8265,33.632],[-87.8502,33.627],[-87.8737,33.6217],[-87.8972,33.616],[-87.9205,33.61],[-87.9437,33.6036],[-87.9667,33.5969],[-87.9896,33.5899],[-88.0123,33.5825],[-88.0349,33.5748],[-88.0573,33.5668],[-88.0795,33.5584],[-88.1016,33.5497],[-88.1234,33.5407],[-88.1451,33.5314],[-88.1665,33.5217],[-88.1878,33.5117],[-88.2088,33.5015],[-88.2296,33.4909],[-88.2502,33.48],[-88.2705,33.4688],[-88.2906,33.4573],[-88.3105,33.4455],[-88.3301,33.4334],[-88.3494,33.4211],[-88.3685,33.4084],[-88.3872,33.3955],[-88.4058,33.3823],[-88.424,33.3689],[-88.4419,33.3551],[-88.4596,33.3411],[-88.4769,33.3269],[-88.4939,33.3124],[-88.5107,33.2976],[-88.5271,33.2826],[-88.5432,33.2674],[-88.5589,33.2519],[-88.5744,33.2362],[-88.5895,33.2203],[-88.6042,33.2041],[-88.6186,33.1878],[-88.6327,33.1712],[-88.6464,33.1544],[-88.6598,33.1375],[-88.6728,33.1203],[-88.6854,33.1029],[-88.6976,33.0854],[-88.7095,33.0677],[-88.721,33.0498],[-88.7322,33.0317],[-88.7429,33.0135],[-88.7533,32.9952],[-88.7633,32.9766],[-88.7729,32.958],[-88.782,32.9392],[-88.7908,32.9202],[-88.7992,32.9012],[-88.8072,32.882],[-88.8148,32.8627],[-88.822,32.8433],[-88.8288,32.8238],[-88.8352,32.8042],[-88.8411,32.7845],[-88.8467,32.7647],[-88.8518,32.7448],[-88.8566,32.7249],[-88.8609,32.7049],[-88.8647,32.6848],[-88.8682,32.6647],[-88.8713,32.6446],[-88.8739,32.6244],[-88.8761,32.6041],[-88.8779,32.5839],[-88.8793,32.5636],[-88.8802,32.5433],[-88.8808,32.5229],[-88.8809,32.5026],[-88.4862,32.4889],[-88.4857,32.4744],[-88.485,32.4599],[-88.4839,32.4454],[-88.4825,32.4309],[-88.4809,32.4165],[-88.4789,32.402],[-88.4767,32.3876],[-88.4741,32.3733],[-88.4713,32.359],[-88.4681,32.3447],[-88.4647,32.3305],[-88.461,32.3163],[-88.457,32.3022],[-88.4527,32.2881],[-88.4481,32.2741],[-88.4432,32.2602],[-88.438,32.2464],[-88.4326,32.2326],[-88.4269,32.2189],[-88.4209,32.2053],[-88.4146,32.1918],[-88.408,32.1784],[-88.4012,32.1651],[-88.3941,32.1519],[-88.3867,32.1388],[-88.3791,32.1258],[-88.3711,32.1129],[-88.363,32.1001],[-88.3546,32.0875],[-88.3459,32.075],[-88.3369,32.0626],[-88.3277,32.0503],[-88.3183,32.0382],[-88.3086,32.0262],[-88.2987,32.0144],[-88.2885,32.0027],[-88.2781,31.9912],[-88.2675,31.9798],[-88.2566,31.9686],[-88.2455,31.9576],[-88.2342,31.9467],[-88.2227,31.9359],[-88.2109,31.9254],[-88.199,31.915],[-88.1868,31.9048],[-88.1744,31.8948],[-88.1618,31.885],[-88.1491,31.8753],[-88.1361,31.8659],[-88.1229,31.8566],[-88.1096,31.8475],[-88.0961,31.8386],[-88.0824,31.83],[-88.0685,31.8215],[-88.0545,31.8132],[-88.0402,31.8052],[-88.0259,31.7973],[-88.0113,31.7897],[-87.9967,31.7823],[-87.9818,31.7751],[-87.9669,31.7681],[-87.9517,31.7613],[-87.9365,31.7548],[-87.9211,31.7485],[-87.9056,31.7424],[-87.89,31.7366],[-87.8743,31.7309],[-87.8584,31.7255],[-87.8425,31.7204],[-87.8264,31.7154],[-87.8103,31.7108],[-87.794,31.7063],[-87.7777,31.7021],[-87.7613,31.6981],[-87.7448,31.6944],[-87.7282,31.6909],[-87.7116,31.6877],[-87.6949,31.6847],[-87.6781,31.682],[-87.6613,31.6795],[-87.6445,31.6772],[-87.6276,31.6752],[-87.6106,31.6735],[-87.5937,31.672],[-87.5767,31.6707],[-87.5597,31.6697],[-87.5426,31.6689],[-87.5256,31.6684],[-87.5085,31.6682],[-87.4831,30.8364],[-87.4493,30.8369],[-87.4155,30.8379],[-87.3817,30.8394],[-87.348,30.8414],[-87.3143,30.8438],[-87.2807,30.8468],[-87.2471,30.8503],[-87.2136,30.8543],[-87.1802,30.8587],[-87.1469,30.8637],[-87.1136,30.8691],[-87.0805,30.8751],[-87.0475,30.8815],[-87.0147,30.8884],[-86.9819,30.8958],[-86.9494,30.9036],[-86.917,30.912],[-86.8847,30.9208],[-86.8527,30.9301],[-86.8208,30.9398],[-86.7891,30.9501],[-86.7576,30.9608],[-86.7264,30.9719],[-86.6953,30.9835],[-86.6645,30.9956],[-86.634,31.0081],[-86.6037,31.0211],[-86.5736,31.0345],[-86.5439,31.0484],[-86.5144,31.0627],[-86.4851,31.0774],[-86.4562,31.0925],[-86.4276,31.1081],[-86.3993,31.1241],[-86.3713,31.1405],[-86.3437,31.1573],[-86.3164,31.1746],[-86.2894,31.1922],[-86.2628,31.2102],[-86.2365,31.2286],[-86.2106,31.2474],[-86.1851,31.2666],[-86.16,31.2861],[-86.1353,31.306],[-86.1109,31.3263],[-86.087,31.3469],[-86.0635,31.3679],[-86.0404,31.3892],[-86.0177,31.4108],[-85.9955,31.4328],[-85.9737,31.4551],[-85.9524,31.4777],[-85.9315,31.5007],[-85.9111,31.5239],[-85.8911,31.5474],[-85.8717,31.5713],[-85.8527,31.5954],[-85.8342,31.6197],[-85.8162,31.6444],[-85.7986,31.6693],[-85.7816,31.6945],[-85.7651,31.7199],[-85.7491,31.7455],[-85.7337,31.7714],[-85.7187,31.7975],[-85.7043,31.8238],[-85.6904,31.8504],[-85.6771,31.8771],[-85.6643,31.904],[-85.6521,31.9311],[-85.6404,31.9584],[-85.6292,31.9859],[-85.6187,32.0135],[-85.6086,32.0412],[-85.5992,32.0691],[-85.5903,32.0972],[-85.582,32.1254],[-85.5743,32.1536],[-85.5671,32.182],[-85.5606,32.2105],[-85.5546,32.2391],[-85.5492,32.2678],[-85.5444,32.2965],[-85.5402,32.3254],[-85.5365,32.3542],[-85.5335,32.3831],[-85.5311,32.4121],[-85.5292,32.4411],[-85.528,32.4701],[-85.3301,32.4974],[-85.33,32.5293],[-85.3306,32.5612],[-85.3318,32.5931],[-85.3336,32.625],[-85.3362,32.6569],[-85.3394,32.6887],[-85.3432,32.7205],[-85.3478,32.7522],[-85.3529,32.7838],[-85.3588,32.8154],[-85.3653,32.8469],[-85.3724,32.8782],[-85.3802,32.9095],[-85.3887,32.9406],[-85.3978,32.9716],[-85.4076,33.0025],[-85.418,33.0332],[-85.4291,33.0638],[-85.4408,33.0941],[-85.4531,33.1244],[-85.4661,33.1544],[-85.4797,33.1842],[-85.4939,33.2139],[-85.5088,33.2433],[-85.5243,33.2725],[-85.5404,33.3014],[-85.5571,33.3301],[-85.5744,33.3586],[-85.5924,33.3868],[-85.6109,33.4147],[-85.63,33.4424],[-85.6497,33.4698],[-85.67,33.4969],[-85.6909,33.5236],[-85.7123,33.5501],[-85.7343,33.5763],[-85.7569,33.6021],[-85.78,33.6276],[-85.8036,33.6527],[-85.8278,33.6775],[-85.8525,33.7019],[-85.8778,33.726],[-85.9035,33.7497],[-85.9298,33.773],[-85.9566,33.7959],[-85.9838,33.8184],[-86.0116,33.8405],[-86.0398,33.8622],[-86.0684,33.8835],[-86.0976,33.9044],[-86.1272,33.9248],[-86.1572,33.9448],[-86.1876,33.9643],[-86.2185,33.9834],[-86.2498,34.002],[-86.2815,34.0202],[-86.3135,34.0379],[-86.346,34.0551],[-86.3788,34.0719],[-86.412,34.0881],[-86.4455,34.1039],[-86.4794,34.1192],[-86.5136,34.134],[-86.5481,34.1482],[-86.583,34.162],[-86.6181,34.1752],[-86.6535,34.1879],[-86.6892,34.2001],[-86.7251,34.2118],[-86.7613,34.2229],[-86.7977,34.2336],[-86.8344,34.2436],[-86.8713,34.2531],[-86.9083,34.2621],[-86.9456,34.2706],[-86.9831,34.2784],[-87.0207,34.2858],[-87.0585,34.2926],[-87.0964,34.2988],[-87.1344,34.3044],[-87.1726,34.3095],[-87.2108,34.3141],[-87.2492,34.3181],[-87.2877,34.3215],[-87.3262,34.3243],[-87.3647,34.3266],[-87.4034,34.3283],[-87.442,34.3294],[-87.4807,34.33]]]},"properties":{"objectid":12954,"radii":34,"stormid":"al092026","basin":"al","stormnum":9,"advnum":"6","validtime":"2026101012","synoptime":"2026100800","timezone":"UTC","tau":60,"ne":110,"se":100,"sw":50,"nw":70,"idp_source":"al092026_2026100803_forecastradii","idp_filedate":1791430091000,"idp_ingestdate":1791430210000,"st_area(shape)":7.6085024231684626,"st_perimeter(shape)":11.439703814454056,"binnumber":"AT4"}},{"type":"Feature","id":12955,"geometry":{"type":"Polygon","coordinates":[[[-87.4966,32.8327],[-87.5,32.5],[-87.4966,32.1673],[-87.4897,32.1674],[-87.4829,32.1676],[-87.476,32.1679],[-87.4692,32.1683],[-87.4623,32.1688],[-87.4555,32.1694],[-87.4487,32.1701],[-87.4419,32.1709],[-87.4351,32.1718],[-87.4284,32.1728],[-87.4216,32.1739],[-87.4149,32.1751],[-87.4082,32.1764],[-87.4016,32.1778],[-87.3949,32.1793],[-87.3883,32.1809],[-87.3818,32.1826],[-87.3753,32.1844],[-87.3688,32.1863],[-87.3623,32.1883],[-87.3559,32.1903],[-87.3495,32.1925],[-87.3432,32.1948],[-87.3369,32.1971],[-87.3307,32.1996],[-87.3246,32.2021],[-87.3184,32.2047],[-87.3124,32.2074],[-87.3064,32.2103],[-87.3004,32.2131],[-87.2945,32.2161],[-87.2887,32.2192],[-87.2829,32.2224],[-87.2772,32.2256],[-87.2716,32.2289],[-87.266,32.2323],[-87.2605,32.2358],[-87.2551,32.2394],[-87.2498,32.243],[-87.2445,32.2467],[-87.2393,32.2505],[-87.2342,32.2544],[-87.2292,32.2584],[-87.2242,32.2624],[-87.2193,32.2665],[-87.2146,32.2706],[-87.2099,32.2749],[-87.2052,32.2792],[-87.2007,32.2836],[-87.1963,32.288],[-87.192,32.2925],[-87.1877,32.2971],[-87.1836,32.3017],[-87.1795,32.3064],[-87.1756,32.3111],[-87.1717,32.3159],[-87.1679,32.3208],[-87.1643,32.3257],[-87.1607,32.3307],[-87.1572,32.3357],[-87.1539,32.3408],[-87.1507,32.3459],[-87.1475,32.351],[-87.1445,32.3563],[-87.1416,32.3615],[-87.1387,32.3668],[-87.136,32.3721],[-87.1334,32.3775],[-87.1309,32.3829],[-87.1286,32.3884],[-87.1263,32.3939],[-87.1242,32.3994],[-87.1221,32.4049],[-87.1202,32.4105],[-87.1184,32.4161],[-87.1167,32.4217],[-87.1151,32.4274],[-87.1137,32.4331],[-87.1124,32.4388],[-87.1111,32.4445],[-87.11,32.4502],[-87.109,32.456],[-87.1082,32.4617],[-87.1074,32.4675],[-87.1068,32.4733],[-87.1063,32.4791],[-87.1059,32.4849],[-87.1057,32.4907],[-87.1055,32.4965],[-87.1055,32.5023],[-87.1056,32.5081],[-87.1058,32.5139],[-87.1061,32.5197],[-87.1066,32.5255],[-87.1072,32.5313],[-87.1079,32.5371],[-87.1087,32.5428],[-87.1096,32.5486],[-87.1107,32.5543],[-87.1118,32.56],[-87.1131,32.5658],[-87.1145,32.5714],[-87.1161,32.5771],[-87.1177,32.5827],[-87.1195,32.5884],[-87.1213,32.5939],[-87.1233,32.5995],[-87.1254,32.605],[-87.1276,32.6105],[-87.13,32.616],[-87.1324,32.6214],[-87.135,32.6268],[-87.1377,32.6322],[-87.1404,32.6375],[-87.1433,32.6427],[-87.1464,32.648],[-87.1495,32.6532],[-87.1527,32.6583],[-87.156,32.6634],[-87.1594,32.6684],[-87.163,32.6734],[-87.1666,32.6783],[-87.1703,32.6832],[-87.1742,32.688],[-87.1781,32.6928],[-87.1822,32.6975],[-87.1863,32.7022],[-87.1905,32.7068],[-87.1949,32.7113],[-87.1993,32.7157],[-87.2038,32.7201],[-87.2084,32.7245],[-87.2131,32.7287],[-87.2179,32.7329],[-87.2227,32.737],[-87.2277,32.7411],[-87.2327,32.745],[-87.2379,32.7489],[-87.2431,32.7528],[-87.2483,32.7565],[-87.2537,32.7602],[-87.2591,32.7638],[-87.2646,32.7673],[-87.2702,32.7707],[-87.2759,32.774],[-87.2816,32.7773],[-87.2874,32.7805],[-87.2932,32.7835],[-87.2991,32.7865],[-87.3051,32.7895],[-87.3111,32.7923],[-87.3172,32.795],[-87.3234,32.7977],[-87.3296,32.8002],[-87.3358,32.8027],[-87.3422,32.805],[-87.3485,32.8073],[-87.3549,32.8095],[-87.3614,32.8116],[-87.3679,32.8136],[-87.3744,32.8155],[-87.381,32.8173],[-87.3876,32.819],[-87.3942,32.8206],[-87.4009,32.8221],[-87.4076,32.8235],[-87.4143,32.8248],[-87.4211,32.826],[-87.4278,32.8271],[-87.4347,32.8282],[-87.4415,32.8291],[-87.4483,32.8299],[-87.4552,32.8306],[-87.4621,32.8312],[-87.4689,32.8317],[-87.4758,32.8321],[-87.4827,32.8324],[-87.4896,32.8326],[-87.4966,32.8327]]]},"properties":{"objectid":12955,"radii":50,"stormid":"al092026","basin":"al","stormnum":9,"advnum":"6","validtime":"2026101012","synoptime":"2026100800","timezone":"UTC","tau":60,"ne":20,"se":20,"sw":0,"nw":0,"idp_source":"al092026_2026100803_forecastradii","idp_filedate":1791430091000,"idp_ingestdate":1791430210000,"st_area(shape)":0.20504874203235726,"st_perimeter(shape)":1.8030282783505562,"binnumber":"AT4"}}]}